norad,name,n_tle,source
15,EXPLORER 6,8,cache
170,EXPLORER 12,3,cache
675,ERS 12,7,cache
838,ERS 13,6,cache
1621,MOLNIYA 1-2,12,cache
2501,MOLNIYA 1-4,42,cache
3145,ATLAS AGENA D R/B,662,cache
3619,COSMOS 260,190,cache
5689,SL-6 R/B(2),134,cache
5814,HEOS 2,2,cache
5878,ATLAS CENTAUR R/B(1),24,cache
5988,DELTA 1 DEB *,445,cache
6034,SL-6 R/B(2),229,cache
6364,PROGNOZ 3,12,cache
6426,ATLAS CENTAUR R/B(1),19,cache
6741,SL-6 R/B(2),169,cache
6815,SL-6 R/B(2),187,cache
7096,SKYNET 2A,5,cache
9888,COSMOS 862 DEB,33,cache
9892,COSMOS 862 DEB,5990,cache
9893,COSMOS 862 DEB,7,cache
9894,COSMOS 862 DEB,10,cache
10422,ISEE 1,498,cache
10423,ISEE 2,433,cache
14095,EXOSAT,136,cache
14301,COSMOS 1456 DEB,66,cache
14306,COSMOS 1456 DEB,38,cache
15201,UKS 1 (AMPTE),21,cache
18954,ARIANE 3 DEB (SYLDA),27,cache
20352,GRANAT,333,cache
23658,ATLAS 2AS CENTAUR R/B,10,cache
23780,ATLAS 2AS CENTAUR R/B,5,cache
23804,DELTA 2 R/B(2),43,cache
24210,ARIANE 44L+3 R/B,21,cache
24835,CZ-3A R/B,27,cache
24881,ATLAS 2AS CENTAUR R/B,3,cache
24933,ARIANE 44LP R/B,27,cache
25355,CZ-3B R/B,10,cache
25631,ATLAS 2AS CENTAUR R/B,4,cache
26412,FREGAT R/B,2,cache
26465,FREGAT R/B,3,cache
26667,ARIANE 44P R/B,2,cache
27900,COSMOS 1217 DEB,77,cache
29641,CZ-3A R/B,7,cache
32039,BREEZE-M DEB,30,cache
35813,CZ-3B R/B,11,cache
38587,BREEZE-M DEB,130,cache
40598,DELTA 4 DEB,2,cache
41553,FALCON 9 R/B,456,cache
42979,SL-12 DEB,883,cache
42985,FALCON 9 R/B,426,cache
44187,FALCON 9 R/B,94,cache
45464,TDO 2 SPACECRAFT,79,cache
45497,SL-12 DEB,534,cache
56758,FALCON 9 R/B,277,cache
60607,CZ-7A R/B,21,cache
64785,FALCON 9 R/B,5,cache
68538,ARTEMIS 2 (INTEGRITY),13,cache
17,THOR ABLE R/B,1,fetched
432,EXPLORER 14 (SERB 53A),2,fetched
889,EXPLORER 21 (IMP-2),8,fetched
1460,ERS 17,2,fetched
2817,EXPLORER 34 (IMP-4),8,fetched
2822,MOLNIYA 1-5,219,fetched
3429,ERS 28 (OV5-2),18,fetched
3993,DELTA 1 R/B,0,EMPTY
4336,MOLNIYA 1-13,729,fetched
4779,MOLNIYA 1-16,516,fetched
4829,MOLNIYA 1-17,257,fetched
5043,EXPLORER 43 (IMP-6),4,fetched
5367,MOLNIYA 1-18,554,fetched
5620,MOLNIYA 2-1,222,fetched
5941,PROGNOZ 1,13,fetched
6031,MOLNIYA 2-2,230,fetched
6068,PROGNOZ 2,1,fetched
6208,MOLNIYA 2-3,423,fetched
6231,MOLNIYA 1-21,408,fetched
6294,MOLNIYA 1-22,219,fetched
6308,MOLNIYA 2-4,120,fetched
6356,MOLNIYA 1-23,274,fetched
6418,MOLNIYA 2-5,325,fetched
6805,MOLNIYA 1-24,277,fetched
6877,MOLNIYA 2-7,887,fetched
6932,MOLNIYA 1-25,264,fetched
7248,SL-12 R/B(AUX MOTOR),99,fetched
7249,SL-12 R/B(AUX MOTOR),109,fetched
7325,EXPLORER 52 (HAWKEYE),25,fetched
7568,TITAN 3E CENTAUR R/B(1),0,EMPTY
8414,SL-12 R/B(AUX MOTOR),93,fetched
8415,SL-12 R/B(AUX MOTOR),117,fetched
9540,SL-12 R/B(AUX MOTOR),25,fetched
10276,SL-12 R/B(AUX MOTOR),22,fetched
10277,SL-12 R/B(AUX MOTOR),5,fetched
10370,PROGNOZ 6,1776,fetched
10408,SL-12 R/B(AUX MOTOR),7,fetched
10425,DELTA 1 R/B(2),0,EMPTY
10484,SL-12 R/B(AUX MOTOR),7,fetched
11700,COSMOS 1164,1,fetched
11801,SL-12 R/B(AUX MOTOR),22,fetched
11802,SL-12 R/B(AUX MOTOR),98,fetched
11859,SL-12 R/B(AUX MOTOR),45,fetched
11860,SL-12 R/B(AUX MOTOR),76,fetched
11914,SL-12 R/B(AUX MOTOR),65,fetched
11923,SL-12 R/B(AUX MOTOR),59,fetched
12012,SL-12 R/B(AUX MOTOR),47,fetched
12013,SL-12 R/B(AUX MOTOR),54,fetched
12116,PROGNOZ 8,5,fetched
12396,SL-12 R/B(AUX MOTOR),18,fetched
12603,SL-12 R/B(AUX MOTOR),6,fetched
12633,SL-12 R/B(AUX MOTOR),34,fetched
12634,SL-12 R/B(AUX MOTOR),10,fetched
12902,SL-12 R/B(AUX MOTOR),45,fetched
13099,SL-12 R/B(AUX MOTOR),25,fetched
13218,SL-12 R/B(AUX MOTOR),42,fetched
13584,SL-12 R/B(AUX MOTOR),3,fetched
13644,SL-12 R/B(AUX MOTOR),27,fetched
13675,SL-12 R/B(AUX MOTOR),10,fetched
13676,SL-12 R/B(AUX MOTOR),63,fetched
13885,SL-12 R/B(AUX MOTOR),183,fetched
13913,SL-12 R/B(AUX MOTOR),2270,fetched
13980,SL-12 R/B(AUX MOTOR),43,fetched
14166,SL-12 R/B(AUX MOTOR),62,fetched
14789,SL-12 R/B(AUX MOTOR),32,fetched
14828,SL-12 R/B(AUX MOTOR),170,fetched
14829,SL-12 R/B(AUX MOTOR),191,fetched
14945,SL-12 R/B(AUX MOTOR),42,fetched
15160,SL-12 R/B(AUX MOTOR),150,fetched
15577,SL-12 R/B(AUX MOTOR),25,fetched
15632,SL-12 R/B(AUX MOTOR),23,fetched
15633,SL-12 R/B(AUX MOTOR),19,fetched
15664,SL-6 R/B(2),5,fetched
16670,SL-12 R/B(AUX MOTOR),23,fetched
16733,SL-12 R/B(AUX MOTOR),54,fetched
17149,SL-12 R/B(AUX MOTOR),8,fetched
17709,SL-12 R/B(AUX MOTOR),13,fetched
17710,SL-12 R/B(AUX MOTOR),50,fetched
17909,SL-12 R/B(AUX MOTOR),10,fetched
18111,SL-12 R/B(AUX MOTOR),383,fetched
18447,SL-12 R/B(AUX MOTOR),110,fetched
18448,SL-12 R/B(AUX MOTOR),96,fetched
18528,SL-12 R/B(AUX MOTOR),147,fetched
18635,SL-12 R/B(AUX MOTOR),69,fetched
18636,SL-12 R/B(AUX MOTOR),89,fetched
19036,SL-12 R/B(AUX MOTOR),31,fetched
19037,SL-12 R/B(AUX MOTOR),20,fetched
19082,SL-12 R/B(AUX MOTOR),19,fetched
19083,SL-12 R/B(AUX MOTOR),11,fetched
19093,SL-12 R/B(AUX MOTOR),20,fetched
20354,SL-12 R/B,237,fetched
20372,SL-12 R/B(AUX MOTOR),103,fetched
21024,SL-12 R/B(AUX MOTOR),85,fetched
21739,SL-12 R/B(AUX MOTOR),17,fetched
21740,SL-12 R/B(AUX MOTOR),51,fetched
21764,SL-12 R/B(AUX MOTOR),72,fetched
23635,SL-6 R/B(2),8,fetched
25517,ARIANE 42L R/B,0,EMPTY
26558,DELTA 1 R/B,0,EMPTY
27542,SL-12 R/B(2),1059,fetched
27963,SL-12 DEB,319,fetched
27967,SL-12 DEB,237,fetched
28001,SL-12 DEB,4,fetched
28014,SL-12 DEB,1,fetched
28015,SL-12 DEB,2,fetched
28037,SL-12 DEB,2,fetched
28219,ATLAS 2AS CENTAUR R/B,0,EMPTY
28260,SL-12 DEB,444,fetched
28680,SL-12 DEB,44,fetched
28681,SL-12 DEB,3,fetched
28927,STARDUST SRC,0,EMPTY
29025,SL-12 DEB,4,fetched
29462,SL-12 DEB,145,fetched
29473,SL-12 DEB,94,fetched
31801,CZ-3B R/B,1,fetched
32259,ATLAS 5 CENTAUR R/B,0,EMPTY
34201,SL-12 DEB,165,fetched
39461,FALCON 9 R/B,60,fetched
39501,FALCON 9 R/B,76,fetched
40006,DELTA 4 DEB,1,fetched
68539,TACHELES,1,fetched
68541,K-RADCUBE,1,fetched
