norad,name,status,i_mean_deg,n_tle,n_crossings,resonance_jd,resonance_date,decay_jd,decay_date,days_resonance_to_decay,days_resonance_to_last_tle,frac_record_pre_resonance
15,EXPLORER 6,NOT_RESONANT,46.970,8,0,,,,,,,
170,EXPLORER 12,NOT_RESONANT,33.576,3,0,,,,,,,
675,ERS 12,NOT_RESONANT,35.900,7,0,,,,,,,
838,ERS 13,NOT_RESONANT,38.035,6,0,,,,,,,
1621,MOLNIYA 1-2,NOT_RESONANT,65.016,12,0,,,,,,,
2501,MOLNIYA 1-4,NOT_RESONANT,64.857,42,0,,,,,,,
3145,ATLAS AGENA D R/B,NOT_RESONANT,48.970,662,0,,,,,,,
3619,COSMOS 260,NOT_RESONANT,65.005,190,0,,,,,,,
5689,SL-6 R/B(2),NOT_RESONANT,65.459,134,0,,,,,,,
5814,HEOS 2,TOO_FEW_TLES,,2,,,,,,,,
5878,ATLAS CENTAUR R/B(1),NOT_RESONANT,31.441,24,0,,,,,,,
5988,DELTA 1 DEB *,NOT_RESONANT,26.321,445,0,,,,,,,
6034,SL-6 R/B(2),NOT_RESONANT,65.338,229,0,,,,,,,
6364,PROGNOZ 3,NOT_RESONANT,65.002,12,0,,,,,,,
6426,ATLAS CENTAUR R/B(1),NOT_RESONANT,37.115,19,0,,,,,,,
6741,SL-6 R/B(2),NOT_RESONANT,65.573,169,0,,,,,,,
6815,SL-6 R/B(2),NOT_RESONANT,65.331,187,0,,,,,,,
7096,SKYNET 2A,RESONANT,35.362,5,1,2442068.2482,1974-01-20,2442072.5000,1974-01-25,4.3,3.4,0.2989
9888,COSMOS 862 DEB,NOT_RESONANT,64.084,33,0,,,,,,,
9892,COSMOS 862 DEB,NOT_RESONANT,66.344,5990,0,,,,,,,
9893,COSMOS 862 DEB,NOT_RESONANT,62.968,7,0,,,,,,,
9894,COSMOS 862 DEB,NOT_RESONANT,64.084,10,0,,,,,,,
10422,ISEE 1,NOT_RESONANT,34.374,498,0,,,,,,,
10423,ISEE 2,NOT_RESONANT,33.791,433,0,,,,,,,
14095,EXOSAT,NOT_RESONANT,72.072,136,0,,,,,,,
14301,COSMOS 1456 DEB,NOT_RESONANT,63.635,66,0,,,,,,,
14306,COSMOS 1456 DEB,NOT_RESONANT,64.054,38,0,,,,,,,
15201,UKS 1 (AMPTE),NOT_RESONANT,26.953,21,0,,,,,,,
18954,ARIANE 3 DEB (SYLDA),RESONANT,6.900,27,1,2447541.1583,1989-01-14,2447558.5000,1989-02-01,17.3,2.0,0.9934
20352,GRANAT,NOT_RESONANT,77.266,333,0,,,,,,,
23658,ATLAS 2AS CENTAUR R/B,NOT_RESONANT,22.950,10,0,,,,,,,
23780,ATLAS 2AS CENTAUR R/B,NOT_RESONANT,21.840,5,0,,,,,,,
23804,DELTA 2 R/B(2),NOT_RESONANT,86.124,43,0,,,,,,,
24210,ARIANE 44L+3 R/B,NOT_RESONANT,5.435,21,0,,,,,,,
24835,CZ-3A R/B,NOT_RESONANT,28.576,27,0,,,,,,,
24881,ATLAS 2AS CENTAUR R/B,NOT_RESONANT,25.609,3,0,,,,,,,
24933,ARIANE 44LP R/B,NOT_RESONANT,6.929,27,0,,,,,,,
25355,CZ-3B R/B,NOT_RESONANT,23.020,10,0,,,,,,,
25631,ATLAS 2AS CENTAUR R/B,NOT_RESONANT,23.495,4,0,,,,,,,
26412,FREGAT R/B,TOO_FEW_TLES,,2,,,,,,,,
26465,FREGAT R/B,NOT_RESONANT,64.832,3,0,,,,,,,
26667,ARIANE 44P R/B,TOO_FEW_TLES,,2,,,,,,,,
27900,COSMOS 1217 DEB,NOT_RESONANT,66.480,77,0,,,,,,,
29641,CZ-3A R/B,NOT_RESONANT,5.792,7,0,,,,,,,
32039,BREEZE-M DEB,NOT_RESONANT,50.598,30,0,,,,,,,
35813,CZ-3B R/B,NOT_RESONANT,22.332,11,0,,,,,,,
38587,BREEZE-M DEB,NOT_RESONANT,49.016,130,0,,,,,,,
40598,DELTA 4 DEB,TOO_FEW_TLES,,2,,,,,,,,
41553,FALCON 9 R/B,NOT_RESONANT,22.051,456,0,,,,,,,
42979,SL-12 DEB,NOT_RESONANT,64.934,883,0,,,,,,,
42985,FALCON 9 R/B,RESONANT,22.162,426,1,2458414.1822,2018-10-22,2458418.5000,2018-10-27,4.3,4.6,0.9874
44187,FALCON 9 R/B,RESONANT,21.078,94,1,2459379.0348,2021-06-13,2459380.5000,2021-06-15,1.5,0.0,1.0000
45464,TDO 2 SPACECRAFT,NOT_RESONANT,26.506,79,0,,,,,,,
45497,SL-12 DEB,NOT_RESONANT,64.758,534,0,,,,,,,
56758,FALCON 9 R/B,NOT_RESONANT,27.978,277,0,,,,,,,
60607,CZ-7A R/B,NOT_RESONANT,14.658,21,0,,,,,,,
64785,FALCON 9 R/B,NOT_RESONANT,24.206,5,0,,,,,,,
68538,ARTEMIS 2 (INTEGRITY),RESONANT,33.616,13,1,2461132.4992,2026-04-01,2461140.5000,2026-04-10,8.0,8.9,0.0058
17,THOR ABLE R/B,TOO_FEW_TLES,,1,,,,,,,,
432,EXPLORER 14 (SERB 53A),TOO_FEW_TLES,,2,,,,,,,,
889,EXPLORER 21 (IMP-2),NOT_RESONANT,33.736,8,0,,,,,,,
1460,ERS 17,TOO_FEW_TLES,,2,,,,,,,,
2817,EXPLORER 34 (IMP-4),NOT_RESONANT,69.296,8,0,,,,,,,
2822,MOLNIYA 1-5,NOT_RESONANT,64.824,219,0,,,,,,,
3429,ERS 28 (OV5-2),NOT_RESONANT,25.940,18,0,,,,,,,
3993,DELTA 1 R/B,NO_TLE_FILE,,,,,,,,,,
4336,MOLNIYA 1-13,NOT_RESONANT,65.607,729,0,,,,,,,
4779,MOLNIYA 1-16,NOT_RESONANT,65.495,516,0,,,,,,,
4829,MOLNIYA 1-17,NOT_RESONANT,65.055,257,0,,,,,,,
5043,EXPLORER 43 (IMP-6),NOT_RESONANT,30.773,4,0,,,,,,,
5367,MOLNIYA 1-18,NOT_RESONANT,65.511,554,0,,,,,,,
5620,MOLNIYA 2-1,NOT_RESONANT,65.489,222,0,,,,,,,
5941,PROGNOZ 1,RESONANT,64.928,13,1,2442649.4661,1975-08-24,2444257.5000,1980-01-19,1608.0,0.0,1.0000
6031,MOLNIYA 2-2,NOT_RESONANT,65.469,230,0,,,,,,,
6068,PROGNOZ 2,TOO_FEW_TLES,,1,,,,,,,,
6208,MOLNIYA 2-3,NOT_RESONANT,65.478,423,0,,,,,,,
6231,MOLNIYA 1-21,RESONANT,65.411,408,1,2441619.0092,1972-10-28,2443448.5000,1977-11-01,1829.5,1787.7,0.0078
6294,MOLNIYA 1-22,RESONANT,65.061,219,1,2442808.3434,1976-01-30,2442819.5000,1976-02-11,11.2,9.4,0.9916
6308,MOLNIYA 2-4,NOT_RESONANT,65.465,120,0,,,,,,,
6356,MOLNIYA 1-23,NOT_RESONANT,65.077,274,0,,,,,,,
6418,MOLNIYA 2-5,NOT_RESONANT,65.467,325,0,,,,,,,
6805,MOLNIYA 1-24,NOT_RESONANT,65.494,277,0,,,,,,,
6877,MOLNIYA 2-7,NOT_RESONANT,64.672,887,0,,,,,,,
6932,MOLNIYA 1-25,NOT_RESONANT,65.210,264,0,,,,,,,
7248,SL-12 R/B(AUX MOTOR),NOT_RESONANT,47.046,99,0,,,,,,,
7249,SL-12 R/B(AUX MOTOR),NOT_RESONANT,47.101,109,0,,,,,,,
7325,EXPLORER 52 (HAWKEYE),NOT_RESONANT,85.197,25,0,,,,,,,
7568,TITAN 3E CENTAUR R/B(1),NO_TLE_FILE,,,,,,,,,,
8414,SL-12 R/B(AUX MOTOR),NOT_RESONANT,46.940,93,0,,,,,,,
8415,SL-12 R/B(AUX MOTOR),NOT_RESONANT,47.008,117,0,,,,,,,
9540,SL-12 R/B(AUX MOTOR),NOT_RESONANT,46.924,25,0,,,,,,,
10276,SL-12 R/B(AUX MOTOR),NOT_RESONANT,46.806,22,0,,,,,,,
10277,SL-12 R/B(AUX MOTOR),NOT_RESONANT,47.013,5,0,,,,,,,
10370,PROGNOZ 6,NOT_RESONANT,70.227,1776,0,,,,,,,
10408,SL-12 R/B(AUX MOTOR),NOT_RESONANT,47.107,7,0,,,,,,,
10425,DELTA 1 R/B(2),NO_TLE_FILE,,,,,,,,,,
10484,SL-12 R/B(AUX MOTOR),NOT_RESONANT,46.905,7,0,,,,,,,
11700,COSMOS 1164,TOO_FEW_TLES,,1,,,,,,,,
11801,SL-12 R/B(AUX MOTOR),NOT_RESONANT,47.158,22,0,,,,,,,
11802,SL-12 R/B(AUX MOTOR),NOT_RESONANT,46.988,98,0,,,,,,,
11859,SL-12 R/B(AUX MOTOR),NOT_RESONANT,47.027,45,0,,,,,,,
11860,SL-12 R/B(AUX MOTOR),NOT_RESONANT,46.973,76,0,,,,,,,
11914,SL-12 R/B(AUX MOTOR),NOT_RESONANT,47.035,65,0,,,,,,,
11923,SL-12 R/B(AUX MOTOR),NOT_RESONANT,47.000,59,0,,,,,,,
12012,SL-12 R/B(AUX MOTOR),NOT_RESONANT,47.272,47,0,,,,,,,
12013,SL-12 R/B(AUX MOTOR),NOT_RESONANT,47.216,54,0,,,,,,,
12116,PROGNOZ 8,NOT_RESONANT,65.830,5,0,,,,,,,
12396,SL-12 R/B(AUX MOTOR),NOT_RESONANT,47.235,18,0,,,,,,,
12603,SL-12 R/B(AUX MOTOR),NOT_RESONANT,47.015,6,0,,,,,,,
12633,SL-12 R/B(AUX MOTOR),NOT_RESONANT,47.022,34,0,,,,,,,
12634,SL-12 R/B(AUX MOTOR),NOT_RESONANT,47.082,10,0,,,,,,,
12902,SL-12 R/B(AUX MOTOR),NOT_RESONANT,47.097,45,0,,,,,,,
13099,SL-12 R/B(AUX MOTOR),NOT_RESONANT,47.323,25,0,,,,,,,
13218,SL-12 R/B(AUX MOTOR),NOT_RESONANT,47.193,42,0,,,,,,,
13584,SL-12 R/B(AUX MOTOR),NOT_RESONANT,47.468,3,0,,,,,,,
13644,SL-12 R/B(AUX MOTOR),NOT_RESONANT,47.157,27,0,,,,,,,
13675,SL-12 R/B(AUX MOTOR),NOT_RESONANT,47.240,10,0,,,,,,,
13676,SL-12 R/B(AUX MOTOR),NOT_RESONANT,46.937,63,0,,,,,,,
13885,SL-12 R/B(AUX MOTOR),NOT_RESONANT,46.936,183,0,,,,,,,
13913,SL-12 R/B(AUX MOTOR),RESONANT,25.700,2270,1,2446005.6148,1984-11-01,2444273.5000,1980-02-04,-1732.1,1220.6,0.7153
13980,SL-12 R/B(AUX MOTOR),NOT_RESONANT,47.214,43,0,,,,,,,
14166,SL-12 R/B(AUX MOTOR),NOT_RESONANT,46.888,62,0,,,,,,,
14789,SL-12 R/B(AUX MOTOR),NOT_RESONANT,47.445,32,0,,,,,,,
14828,SL-12 R/B(AUX MOTOR),NOT_RESONANT,47.055,170,0,,,,,,,
14829,SL-12 R/B(AUX MOTOR),NOT_RESONANT,47.051,191,0,,,,,,,
14945,SL-12 R/B(AUX MOTOR),NOT_RESONANT,47.092,42,0,,,,,,,
15160,SL-12 R/B(AUX MOTOR),NOT_RESONANT,47.089,150,0,,,,,,,
15577,SL-12 R/B(AUX MOTOR),NOT_RESONANT,47.254,25,0,,,,,,,
15632,SL-12 R/B(AUX MOTOR),NOT_RESONANT,47.258,23,0,,,,,,,
15633,SL-12 R/B(AUX MOTOR),NOT_RESONANT,47.261,19,0,,,,,,,
15664,SL-6 R/B(2),NOT_RESONANT,64.987,5,0,,,,,,,
16670,SL-12 R/B(AUX MOTOR),NOT_RESONANT,47.279,23,0,,,,,,,
16733,SL-12 R/B(AUX MOTOR),NOT_RESONANT,46.656,54,0,,,,,,,
17149,SL-12 R/B(AUX MOTOR),NOT_RESONANT,47.304,8,0,,,,,,,
17709,SL-12 R/B(AUX MOTOR),NOT_RESONANT,47.391,13,0,,,,,,,
17710,SL-12 R/B(AUX MOTOR),NOT_RESONANT,47.175,50,0,,,,,,,
17909,SL-12 R/B(AUX MOTOR),NOT_RESONANT,64.975,10,0,,,,,,,
18111,SL-12 R/B(AUX MOTOR),NOT_RESONANT,47.525,383,0,,,,,,,
18447,SL-12 R/B(AUX MOTOR),NOT_RESONANT,47.046,110,0,,,,,,,
18448,SL-12 R/B(AUX MOTOR),NOT_RESONANT,47.144,96,0,,,,,,,
18528,SL-12 R/B(AUX MOTOR),NOT_RESONANT,58.289,147,0,,,,,,,
18635,SL-12 R/B(AUX MOTOR),NOT_RESONANT,47.083,69,0,,,,,,,
18636,SL-12 R/B(AUX MOTOR),NOT_RESONANT,47.049,89,0,,,,,,,
19036,SL-12 R/B(AUX MOTOR),NOT_RESONANT,47.136,31,0,,,,,,,
19037,SL-12 R/B(AUX MOTOR),NOT_RESONANT,47.287,20,0,,,,,,,
19082,SL-12 R/B(AUX MOTOR),NOT_RESONANT,47.269,19,0,,,,,,,
19083,SL-12 R/B(AUX MOTOR),NOT_RESONANT,47.372,11,0,,,,,,,
19093,SL-12 R/B(AUX MOTOR),NOT_RESONANT,46.946,20,0,,,,,,,
20354,SL-12 R/B,NOT_RESONANT,76.449,237,0,,,,,,,
20372,SL-12 R/B(AUX MOTOR),NOT_RESONANT,47.009,103,0,,,,,,,
21024,SL-12 R/B(AUX MOTOR),NOT_RESONANT,46.996,85,0,,,,,,,
21739,SL-12 R/B(AUX MOTOR),NOT_RESONANT,47.354,17,0,,,,,,,
21740,SL-12 R/B(AUX MOTOR),NOT_RESONANT,47.182,51,0,,,,,,,
21764,SL-12 R/B(AUX MOTOR),NOT_RESONANT,47.157,72,0,,,,,,,
23635,SL-6 R/B(2),NOT_RESONANT,64.843,8,0,,,,,,,
25517,ARIANE 42L R/B,NO_TLE_FILE,,,,,,,,,,
26558,DELTA 1 R/B,NO_TLE_FILE,,,,,,,,,,
27542,SL-12 R/B(2),NOT_RESONANT,84.361,1059,0,,,,,,,
27963,SL-12 DEB,NOT_RESONANT,65.249,319,0,,,,,,,
27967,SL-12 DEB,NOT_RESONANT,65.723,237,0,,,,,,,
28001,SL-12 DEB,NOT_RESONANT,65.211,4,0,,,,,,,
28014,SL-12 DEB,TOO_FEW_TLES,,1,,,,,,,,
28015,SL-12 DEB,TOO_FEW_TLES,,2,,,,,,,,
28037,SL-12 DEB,TOO_FEW_TLES,,2,,,,,,,,
28219,ATLAS 2AS CENTAUR R/B,NO_TLE_FILE,,,,,,,,,,
28260,SL-12 DEB,NOT_RESONANT,65.199,444,0,,,,,,,
28680,SL-12 DEB,NOT_RESONANT,63.705,44,0,,,,,,,
28681,SL-12 DEB,NOT_RESONANT,67.183,3,0,,,,,,,
28927,STARDUST SRC,NO_TLE_FILE,,,,,,,,,,
29025,SL-12 DEB,NOT_RESONANT,46.526,4,0,,,,,,,
29462,SL-12 DEB,RESONANT,65.311,145,1,2455354.5692,2010-06-07,2456203.5000,2012-10-03,848.9,14.9,0.9891
29473,SL-12 DEB,NOT_RESONANT,65.596,94,0,,,,,,,
31801,CZ-3B R/B,TOO_FEW_TLES,,1,,,,,,,,
32259,ATLAS 5 CENTAUR R/B,NO_TLE_FILE,,,,,,,,,,
34201,SL-12 DEB,NOT_RESONANT,47.254,165,0,,,,,,,
39461,FALCON 9 R/B,NOT_RESONANT,18.555,60,0,,,,,,,
39501,FALCON 9 R/B,RESONANT,20.646,76,1,2456806.0980,2014-05-28,2456805.5000,2014-05-28,-0.6,0.0,1.0000
40006,DELTA 4 DEB,TOO_FEW_TLES,,1,,,,,,,,
68539,TACHELES,TOO_FEW_TLES,,1,,,,,,,,
68541,K-RADCUBE,TOO_FEW_TLES,,1,,,,,,,,
