norad,zone,e_opt,bn_opt,reentry_jd,rpe_pct,zstat,t_mean,t_std,ens_rpe_pct,zepoch,rms_fit
42928,1, 0.320901,  82.584, 2458643.2412,   18.588, 0, 2458572.2288,   56.18,    5.083, 2458019.6716,   0.0241
42928,2, 0.294920, 112.753, 2458509.4056,   -8.113, 2, 2458572.2288,   56.18,    5.083, 2458100.6070,   0.0384
42928,3, 0.286887,  75.485, 2458518.8148,   -6.287, 0, 2458572.2288,   56.18,    5.083, 2458121.0224,   0.0074
42928,4, 0.279779,  85.245, 2458664.1365,   29.336, 0, 2458572.2288,   56.18,    5.083, 2458141.0908,   0.0101
42928,5, 0.274219,  96.485, 2458577.8156,    8.411, 2, 2458572.2288,   56.18,    5.083, 2458161.3156,   0.0519
42928,6, 0.226321,  98.992, 2458578.2823,   12.587, 2, 2458572.2288,   56.18,    5.083, 2458285.0495,   0.0596
42928,7, 0.138758,  69.544, 2458547.3982,    1.944, 0, 2458572.2288,   56.18,    5.083, 2458447.8303,   0.0227
42928,8, 0.086692,  81.176, 2458538.7357,  -41.467, 2, 2458572.2288,   56.18,    5.083, 2458529.1874,   3.3985
35497,1, 0.604884,  37.597,       0.0000,    0.000, 2, 2457857.6486,  324.34,   38.811, 2457266.9768,   0.0951
35497,2, 0.602391,  92.146,       0.0000,    0.000, 0, 2457857.6486,  324.34,   38.811, 2457348.1694,   0.0116
35497,3, 0.601976,  88.112,       0.0000,    0.000, 0, 2457857.6486,  324.34,   38.811, 2457368.4122,   0.0163
35497,4, 0.597926,  71.342,       0.0000,    0.000, 0, 2457857.6486,  324.34,   38.811, 2457429.3251,   0.0658
35497,5, 0.581070,  84.305, 2458343.0380,  358.093, 0, 2457857.6486,  324.34,   38.811, 2457510.8325,   0.0597
35497,6, 0.559871, 116.099, 2457726.9317,   28.451, 2, 2457857.6486,  324.34,   38.811, 2457571.4778,   3.2119
35497,7, 0.472994, 133.287, 2457678.8649,  -23.274, 2, 2457857.6486,  324.34,   38.811, 2457633.9141,   2.4464
35497,8, 0.358146, 155.990, 2457681.7597,  -76.223, 2, 2457857.6486,  324.34,   38.811, 2457678.4094,  24.3117
37151,1, 0.557628,  60.024,       0.0000,    0.000, 0, 2457414.4829,  217.92,    7.271, 2456603.2714,   0.0095
37151,2, 0.529890,  52.844,       0.0000,    0.000, 0, 2457414.4829,  217.92,    7.271, 2456765.4032,   0.0283
37151,3, 0.516032,  69.120, 2457380.7416,    3.846, 0, 2457414.4829,  217.92,    7.271, 2456807.1762,   0.0152
37151,4, 0.509651,  64.059, 2457247.9708,  -20.982, 0, 2457414.4829,  217.92,    7.271, 2456827.9493,   0.0146
37151,5, 0.480763,  46.617, 2457316.3546,  -10.035, 2, 2457414.4829,  217.92,    7.271, 2456929.5410,   0.0502
37151,6, 0.416404,  53.990, 2457849.5630,  171.353, 0, 2457414.4829,  217.92,    7.271, 2457073.5033,   0.0150
37151,7, 0.368443,  67.303, 2457333.4183,  -12.733, 2, 2457414.4829,  217.92,    7.271, 2457154.6604,   0.1341
37151,8, 0.064274,  73.525, 2457358.8489,  -42.322, 2, 2457414.4829,  217.92,    7.271, 2457357.9616,   4.4118
39615,1, 0.553504,  81.300, 2457619.6926,  -64.556, 0, 2458002.5542,  220.30,   -1.474, 2457404.5731,   0.2008
39615,2, 0.525756,  48.601, 2458260.3501,   43.916, 2, 2458002.5542,  220.30,   -1.474, 2457444.8533,   0.1158
39615,3, 0.493954,  61.185,       0.0000,    0.000, 0, 2458002.5542,  220.30,   -1.474, 2457505.9671,   0.0642
39615,4, 0.483713,  73.741,       0.0000,    0.000, 0, 2458002.5542,  220.30,   -1.474, 2457527.8371,   0.0408
39615,5, 0.442710,  75.979, 2457945.6755,  -16.398, 0, 2458002.5542,  220.30,   -1.474, 2457610.0875,   0.1726
39615,6, 0.335390,  52.533, 2458164.3262,   77.340, 2, 2458002.5542,  220.30,   -1.474, 2457813.8961,   0.1494
39615,7, 0.300873,  61.698, 2458011.1236,   -0.240, 0, 2458002.5542,  220.30,   -1.474, 2457854.7396,   0.0390
39615,8, 0.113839,  51.898, 2458014.1573,   19.960, 0, 2458002.5542,  220.30,   -1.474, 2457998.1868,   0.3344
27526,1, 0.570768,  66.308,       0.0000,    0.000, 0, 2456159.5315,  279.89,   16.736, 2455440.8741,   0.0126
27526,2, 0.498287,  68.155, 2456788.4723,  213.078, 0, 2456159.5315,  279.89,   16.736, 2455712.9766,   0.0198
27526,3, 0.445594,  69.053, 2456065.5118,    4.090, 0, 2456159.5315,  279.89,   16.736, 2455836.1807,   0.0965
27526,4, 0.428637,  77.832, 2456118.7110,   31.065, 0, 2456159.5315,  279.89,   16.736, 2455856.2392,   0.0492
27526,5, 0.409287,  69.714, 2456041.8884,   -8.121, 2, 2456159.5315,  279.89,   16.736, 2455876.5828,   0.0241
27526,6, 0.387646,  65.355, 2456054.7845,   -1.073, 2, 2456159.5315,  279.89,   16.736, 2455896.6431,   0.3864
27526,7, 0.377972,  96.825, 2455990.3374,  -47.323, 2, 2456159.5315,  279.89,   16.736, 2455916.6893,   1.9534
27526,8, 0.129177,  93.161, 2456057.0153,    3.341, 0, 2456159.5315,  279.89,   16.736, 2456041.0769,   0.7503
32007,1, 0.284838,  72.418, 2455533.9211,   18.926, 0, 2455463.6108,  119.20,   11.550, 2454400.1894,   0.0360
32007,2, 0.277239,  39.209, 2455477.3697,   13.572, 2, 2455463.6108,  119.20,   11.550, 2454440.7954,   0.0348
32007,3, 0.264530,  59.977, 2455694.8956,   41.032, 0, 2455463.6108,  119.20,   11.550, 2454521.4854,   0.0088
32007,4, 0.224797,  51.850, 2455462.7438,   18.550, 0, 2455463.6108,  119.20,   11.550, 2454764.5833,   0.0292
32007,5, 0.200007,  59.033, 2455321.8094,   -7.105, 0, 2455463.6108,  119.20,   11.550, 2454907.4498,   0.0165
32007,6, 0.193766,  53.416, 2455490.1684,   32.093, 2, 2455463.6108,  119.20,   11.550, 2454927.6483,   0.0305
32007,7, 0.161406,  56.042, 2455373.4143,    7.554, 0, 2455463.6108,  119.20,   11.550, 2455089.8858,   0.0097
32007,8, 0.051272,  60.229, 2455354.5643,    5.571, 2, 2455463.6108,  119.20,   11.550, 2455334.3974,   0.5441
37819,1, 0.410096,  61.524, 2456652.6347,   25.631, 0, 2456534.6488,   51.31,   -3.133, 2456137.3115,   0.0664
37819,2, 0.376959,  44.321, 2456543.5827,   -1.190, 0, 2456534.6488,   51.31,   -3.133, 2456218.1813,   0.0184
37819,3, 0.354547,  38.534, 2456515.4349,  -11.112, 0, 2456534.6488,   51.31,   -3.133, 2456258.9263,   0.0563
37819,4, 0.344605,  46.541, 2456513.5374,  -12.646, 2, 2456534.6488,   51.31,   -3.133, 2456278.9393,   0.0104
37819,5, 0.321060,  43.484, 2456499.5927,  -21.014, 0, 2456534.6488,   51.31,   -3.133, 2456319.5256,   0.0153
37819,6, 0.292647,  46.641, 2456498.7713,  -26.031, 0, 2456534.6488,   51.31,   -3.133, 2456360.3056,   0.0331
37819,7, 0.274512,  44.341, 2456504.7678,  -25.615, 2, 2456534.6488,   51.31,   -3.133, 2456380.6738,   0.0230
37819,8, 0.046631,  51.477, 2456548.8689,   35.649, 2, 2456534.6488,   51.31,   -3.133, 2456543.6600,   0.3443
11550,1, 0.677736, 115.993,       0.0000,    0.000, 0, 2460763.8660,    0.00,   -0.075, 2445234.0506,   0.0335
11550,2, 0.635212, 111.629,       0.0000,    0.000, 0, 2460763.8660,    0.00,   -0.075, 2454085.5949,   0.0279
11550,3, 0.631845, 107.012,       0.0000,    0.000, 0, 2460763.8660,    0.00,   -0.075, 2454146.4204,   0.0369
11550,4, 0.620738, 156.886,       0.0000,    0.000, 2, 2460763.8660,    0.00,   -0.075, 2454329.3989,   0.0289
11550,5, 0.596766, 130.067,       0.0000,    0.000, 0, 2460763.8660,    0.00,   -0.075, 2454688.8150,   0.0176
11550,6, 0.595516, 133.382,       0.0000,    0.000, 0, 2460763.8660,    0.00,   -0.075, 2454709.4256,   0.0391
11550,7, 0.581271, 133.084,       0.0000,    0.000, 0, 2460763.8660,    0.00,   -0.075, 2454949.2009,   0.0281
11550,8, 0.715628, 159.020, 2460763.8660,  -23.455, 2, 2460763.8660,    0.00,   -0.075, 2460725.8981,   4.6730
59347,1, 0.819890,  84.379,       0.0000,    0.000, 0, 2461143.1110,   40.66,   -7.307, 2460427.7600,   0.1010
59347,2, 0.819019,  26.347,       0.0000,    0.000, 2, 2461143.1110,   40.66,   -7.307, 2460566.1970,   0.4821
59347,3, 0.818400,  28.553,       0.0000,    0.000, 2, 2461143.1110,   40.66,   -7.307, 2460588.9092,   0.4699
59347,4, 0.815966,  86.302,       0.0000,    0.000, 0, 2461143.1110,   40.66,   -7.307, 2460660.6975,   0.0223
59347,5, 0.786168, 159.800, 2461117.8538,  -59.907, 2, 2461143.1110,   40.66,   -7.307, 2461063.2107,  21.4339
59347,6, 0.784415, 191.152, 2461108.9049,  -86.115, 2, 2461143.1110,   40.66,   -7.307, 2461094.2977, 160.4659
59347,7, 0.723687, 196.015, 2461146.5501,  -70.259, 2, 2461143.1110,   40.66,   -7.307, 2461124.1365,  37.3732
59347,8, 0.293073, 266.803, 2461199.1351,   -2.364, 2, 2461143.1110,   40.66,   -7.307, 2461184.0621,   3.1756
40943,1, 0.639584,   9.170,       0.0000,    0.000, 2, 2458976.2978,   61.99,    8.967, 2458043.0264,   0.3845
40943,2, 0.617983,  12.648,       0.0000,    0.000, 2, 2458976.2978,   61.99,    8.967, 2458516.7971,   0.1033
40943,3, 0.616339,  10.525,       0.0000,    0.000, 2, 2458976.2978,   61.99,    8.967, 2458578.3000,   0.0763
40943,4, 0.604772,  24.534,       0.0000,    0.000, 2, 2458976.2978,   61.99,    8.967, 2458679.2097,   0.0149
40943,5, 0.599768,  12.869,       0.0000,    0.000, 2, 2458976.2978,   61.99,    8.967, 2458699.4359,   0.0401
40943,6, 0.553048,  13.593, 2458971.5562,   60.538, 2, 2458976.2978,   61.99,    8.967, 2458780.4732,   0.1489
40943,7, 0.524041,  27.449, 2459040.5197,  143.067, 2, 2458976.2978,   61.99,    8.967, 2458800.9310,   0.1625
40943,8, 0.273496,  32.096, 2458916.8176,   97.626, 2, 2458976.2978,   61.99,    8.967, 2458881.7613,   2.4533
66587,1, 0.751605,  17.889, 2461084.8332,    4.142, 2, 2461080.3729,    4.62,   -1.401, 2461001.0294,   0.2499
66587,2, 0.751313,  34.942, 2461080.6819,   -1.493, 2, 2461080.3729,    4.62,   -1.401, 2461026.7016,   0.4352
66587,3, 0.749075, 246.119, 2461075.6036,  -17.631, 2, 2461080.3729,    4.62,   -1.401, 2461048.0567,   1.3173
60328,1, 0.722151,  52.525,       0.0000,    0.000, 0, 2460811.8958,   99.37,   13.281, 2460535.5803,   0.0479
60328,2, 0.715398,  45.442,       0.0000,    0.000, 0, 2460811.8958,   99.37,   13.281, 2460561.1855,   0.0944
60328,3, 0.711470,  30.678, 2460988.0512,  105.281, 2, 2460811.8958,   99.37,   13.281, 2460581.4096,   0.0681
60328,4, 0.707897,  52.007, 2460747.8075,  -17.858, 0, 2460811.8958,   99.37,   13.281, 2460602.0309,   0.0572
60328,5, 0.690482,  95.934, 2460764.2707,  -22.125, 2, 2460811.8958,   99.37,   13.281, 2460710.6662,   2.6806
60328,6, 0.674421, 120.703, 2460776.8395,   -5.549, 2, 2460811.8958,   99.37,   13.281, 2460731.5562,   3.3189
60328,7, 0.566186,  79.473, 2460782.5101,   15.133, 0, 2460811.8958,   99.37,   13.281, 2460759.6094,   3.6922
61734,1, 0.720118,  16.286, 2461804.2415,  759.739, 2, 2461007.0522,  531.63,  181.681, 2460618.5919,   1.8524
61734,2, 0.725278,  75.050, 2460760.2483,    3.213, 0, 2461007.0522,  531.63,  181.681, 2460639.8356,   0.0255
61734,3, 0.722744, 100.980, 2460734.0847,  -23.718, 0, 2461007.0522,  531.63,  181.681, 2460661.9940,   0.0649
61734,4, 0.721095, 124.016, 2460729.6342,  -38.505, 2, 2461007.0522,  531.63,  181.681, 2460686.7280,   1.2950
57804,ERR,,,,,,,,,,  2
56758,1, 0.818095, 115.656,       0.0000,    0.000, 0, 2460527.7958,    0.00,   -4.366, 2460096.1620,   0.0716
56758,2, 0.820544,  83.369, 2460527.7958,  -10.330, 2, 2460527.7958,    0.00,   -4.366, 2460356.7538,   0.3336
30799,1, 0.858149, 110.159,       0.0000,    0.000, 0,       0.0000,    0.00,    0.000, 2456578.2708,   0.1281
30799,2, 0.857876,  88.333,       0.0000,    0.000, 2,       0.0000,    0.00,    0.000, 2456601.5624,   0.2589
30799,3, 0.857418,  93.338,       0.0000,    0.000, 0,       0.0000,    0.00,    0.000, 2456795.4191,   0.3990
30799,4, 0.858048, 123.299,       0.0000,    0.000, 2,       0.0000,    0.00,    0.000, 2456989.6205,   0.0899
30799,5, 0.858062,  85.006,       0.0000,    0.000, 2,       0.0000,    0.00,    0.000, 2457835.2887,   0.1597
30799,6, 0.858446, 114.723,       0.0000,    0.000, 0,       0.0000,    0.00,    0.000, 2458496.5784,   1.5698
30799,7, 0.858975, 114.472,       0.0000,    0.000, 0,       0.0000,    0.00,    0.000, 2459677.5578,   0.0668
30799,8, 0.858451, 119.738,       0.0000,    0.000, 0,       0.0000,    0.00,    0.000, 2459693.8141,   0.1344
44187,1, 0.867975,  81.993, 2459524.4113,  565.158, 2, 2459524.4113,    0.00,  565.158, 2459355.0361,   1.8442
35009,1, 0.729263,  48.285,       0.0000,    0.000, 0, 2459074.4334,    0.00,   -0.524, 2455642.6303,   0.0199
35009,2, 0.714353,  47.078,       0.0000,    0.000, 0, 2459074.4334,    0.00,   -0.524, 2456188.0143,   0.0468
35009,3, 0.713362, 130.755,       0.0000,    0.000, 0, 2459074.4334,    0.00,   -0.524, 2456208.4803,   0.0285
35009,4, 0.709603,  87.807,       0.0000,    0.000, 0, 2459074.4334,    0.00,   -0.524, 2456294.1788,   0.0190
35009,5, 0.707462,  34.391,       0.0000,    0.000, 2, 2459074.4334,    0.00,   -0.524, 2456336.3879,   0.0393
35009,6, 0.706389,  47.531,       0.0000,    0.000, 2, 2459074.4334,    0.00,   -0.524, 2456356.4265,   0.0279
35009,7, 0.705308,  36.548,       0.0000,    0.000, 2, 2459074.4334,    0.00,   -0.524, 2456378.1704,   0.0121
35009,8, 0.726078, 146.105, 2459074.4334,  -27.375, 2, 2459074.4334,    0.00,   -0.524, 2459026.5030,   0.0385
41553,1, 0.871198,  26.894, 2458490.2868,    3.697, 0, 2458490.2868,    0.00,    3.697, 2458468.2179,   2.9967
48259,1, 0.696615,  89.256,       0.0000,    0.000, 2,       0.0000,    0.00,    0.000, 2459468.6221,   0.0840
27906,1, 0.657958, 128.952,       0.0000,    0.000, 0, 2458523.5417,   41.51,    1.878, 2454072.6598,   0.0580
27906,2, 0.659557,  99.549,       0.0000,    0.000, 0, 2458523.5417,   41.51,    1.878, 2454771.7075,   0.0175
27906,3, 0.744621,  81.600, 2458494.1871,   28.076, 2, 2458523.5417,   41.51,    1.878, 2458253.8417,   0.2010
27906,4, 0.745257,  61.743, 2458552.8963,   73.907, 2, 2458523.5417,   41.51,    1.878, 2458290.7759,   0.3132
27882,1, 0.591469, 143.371,       0.0000,    0.000, 0, 2458643.6224,   56.94,    1.132, 2453006.2319,   0.0047
27882,2, 0.749336,  92.083, 2458603.8429,    7.066, 0, 2458643.6224,   56.94,    1.132, 2458250.1464,   0.3726
27882,3, 0.749295,  77.196, 2458602.9091,    7.282, 2, 2458643.6224,   56.94,    1.132, 2458272.7757,   0.4618
27882,4, 0.747143,  63.278, 2458624.6888,   25.127, 0, 2458643.6224,   56.94,    1.132, 2458404.6406,   0.8886
27882,5, 0.745252,  49.000, 2458678.4961,   62.890, 2, 2458643.6224,   56.94,    1.132, 2458424.6779,   1.6143
27882,6, 0.742802,  40.815, 2458756.6871,  130.918, 2, 2458643.6224,   56.94,    1.132, 2458445.9221,   1.6917
27882,7, 0.740754,  30.427, 2458637.8035,   50.402, 2, 2458643.6224,   56.94,    1.132, 2458466.8061,   1.5906
27882,8, 0.679731,  12.672, 2458600.9293,   42.818, 2, 2458643.6224,   56.94,    1.132, 2458532.7878,  28.8285
39802,1, 0.575943,   9.573, 2458977.9549,   20.776, 2, 2459104.6249,  259.10,   34.966, 2457899.8480,   0.1119
39802,2, 0.574971,  15.682,       0.0000,    0.000, 2, 2459104.6249,  259.10,   34.966, 2457966.2400,   0.0821
39802,3, 0.573551,  14.125,       0.0000,    0.000, 2, 2459104.6249,  259.10,   34.966, 2458032.9291,   0.1087
39802,4, 0.572956,  10.374,       0.0000,    0.000, 2, 2459104.6249,  259.10,   34.966, 2458053.8772,   0.0877
39802,5, 0.572194,  15.255, 2459433.0080,   91.946, 2, 2459104.6249,  259.10,   34.966, 2458095.8885,   0.0510
39802,6, 0.572142,  13.367, 2459257.0806,   68.703, 2, 2459104.6249,  259.10,   34.966, 2458116.2803,   0.0511
39802,7, 0.572019,  11.622, 2459098.8511,   46.694, 2, 2459104.6249,  259.10,   34.966, 2458136.4134,   0.1014
39802,8, 0.566608,  23.114, 2458756.2300,   -7.378, 2, 2459104.6249,  259.10,   34.966, 2458300.8991,   0.1650
28572,1, 0.674565,  19.844,       0.0000,    0.000, 2,       0.0000,    0.00,    0.000, 2455276.9940,   0.0549
46429,1, 0.596049,  12.158, 2459459.7098,  -11.336, 2, 2459453.1635,    9.26,  -12.957, 2459101.5670,   0.4616
46429,2, 0.594028,  10.405, 2459446.6172,  -15.374, 2, 2459453.1635,    9.26,  -12.957, 2459122.5009,   0.8700
44591,1, 0.583325, 138.193,       0.0000,    0.000, 0,       0.0000,    0.00,    0.000, 2458784.0663,   0.0918
41695,1, 0.560978,   3.715,       0.0000,    0.000, 2, 2459921.5469,   42.92,    9.778, 2457596.9349,   0.1124
41695,2, 0.533162,  23.260,       0.0000,    0.000, 2, 2459921.5469,   42.92,    9.778, 2458457.0054,   0.3864
41695,3, 0.558691,   4.378, 2459891.1960,   34.154, 2, 2459921.5469,   42.92,    9.778, 2459197.1428,   0.6753
41695,4, 0.556227,  11.141, 2459951.8977,   47.822, 2, 2459921.5469,   42.92,    9.778, 2459218.0854,   0.3938
41695,5, 0.541484,  54.023,       0.0000,    0.000, 0, 2459921.5469,   42.92,    9.778, 2459288.7729,   0.1012
41695,6, 0.546914,  34.037,       0.0000,    0.000, 3, 2459921.5469,   42.92,    9.778, 2459386.5977,   0.1540
41695,7, 0.546989,  36.768,       0.0000,    0.000, 2, 2459921.5469,   42.92,    9.778, 2459407.2477,   0.2198
41695,8, 0.540292,  11.661,       0.0000,    0.000, 2, 2459921.5469,   42.92,    9.778, 2459614.8488,   0.2994
52205,1, 0.751306,  74.536, 2459745.1124,  -15.213, 0, 2459748.2992,    5.38,  -10.956, 2459681.6453,   0.0590
52205,2, 0.749971,  79.675, 2459745.2699,  -20.826, 0, 2459748.2992,    5.38,  -10.956, 2459702.5772,   0.7484
52205,3, 0.743141,  72.868, 2459754.5152,   -6.012, 0, 2459748.2992,    5.38,  -10.956, 2459723.4881,   2.4999
45349,1, 0.581008,   9.665,       0.0000,    0.000, 2, 2460467.8603,  241.11,  111.978, 2459320.0012,   0.4817
45349,2, 0.576506,   9.041,       0.0000,    0.000, 2, 2460467.8603,  241.11,  111.978, 2459360.7956,   0.7694
45349,3, 0.573515,   5.813, 2460634.3519,  160.788, 2, 2460467.8603,  241.11,  111.978, 2459380.8359,   0.5923
45349,4, 0.563387,  19.336, 2460880.3306,  272.702, 0, 2460467.8603,  241.11,  111.978, 2459487.8940,   0.2822
45349,5, 0.553628,  10.752, 2460369.0685,  176.384, 2, 2460467.8603,  241.11,  111.978, 2459573.7359,   1.7936
45349,6, 0.538407,  10.921, 2460274.8025,  158.962, 2, 2460467.8603,  241.11,  111.978, 2459601.4992,   1.5802
45349,7, 0.497363,  11.086, 2460276.5228,  178.298, 2, 2460467.8603,  241.11,  111.978, 2459628.7307,   4.6026
45349,8, 0.428785,  10.062, 2460372.0854,  266.762, 2, 2460467.8603,  241.11,  111.978, 2459670.0991,   2.6032
23647,ERR,,,,,,,,,,  2
41693,ERR,,,,,,,,,,  2
21935,1, 0.463622,  31.678,       0.0000,    0.000, 0,       0.0000,    0.00,    0.000, 2457058.8649,   0.1324
21935,2, 0.465941,  80.352,       0.0000,    0.000, 0,       0.0000,    0.00,    0.000, 2457659.5963,   0.0459
21935,3, 0.463026,  80.739,       0.0000,    0.000, 0,       0.0000,    0.00,    0.000, 2457948.2217,   0.1155
21935,4, 0.470205,  59.153,       0.0000,    0.000, 0,       0.0000,    0.00,    0.000, 2458224.1632,   0.0545
21935,5, 0.470495,  90.028,       0.0000,    0.000, 0,       0.0000,    0.00,    0.000, 2458846.3462,   0.1114
21935,6, 0.473211,  14.110,       0.0000,    0.000, 2,       0.0000,    0.00,    0.000, 2459143.5969,   0.0910
21935,7, 0.458960, 147.397,       0.0000,    0.000, 2,       0.0000,    0.00,    0.000, 2459457.9305,   0.1314
21935,8, 0.407249,   4.864,       0.0000,    0.000, 2,       0.0000,    0.00,    0.000, 2460170.1142,   1.4429
48264,1, 0.748894, 118.401, 2460790.4278,   -0.035, 0, 2460805.1860,   19.98,    7.047, 2460582.1052,   0.0447
48264,2, 0.749769,  99.708, 2460769.3085,  -11.760, 2, 2460805.1860,   19.98,    7.047, 2460610.2997,   0.1429
48264,3, 0.750189,  92.175, 2460796.3981,    3.722, 2, 2460805.1860,   19.98,    7.047, 2460632.0339,   0.3044
48264,4, 0.748810,  75.688, 2460823.6208,   28.153, 2, 2460805.1860,   19.98,    7.047, 2460672.8539,   1.4090
48264,5, 0.746325,  53.277, 2460827.1026,   37.822, 2, 2460805.1860,   19.98,    7.047, 2460693.7242,   1.9178
48264,6, 0.743311,  17.194, 2460824.6173,   45.526, 2, 2460805.1860,   19.98,    7.047, 2460715.5591,   0.5943
48264,7, 0.739528,  76.409, 2460807.6537,   31.348, 0, 2460805.1860,   19.98,    7.047, 2460735.7798,   1.0598
48264,8, 0.731102,  81.492, 2460802.3593,   34.940, 0, 2460805.1860,   19.98,    7.047, 2460756.5578,   0.3857
28589,1, 0.563863,   4.658,       0.0000,    0.000, 2, 2460163.9888,    0.00,  -12.421, 2455661.8147,   0.4068
28589,2, 0.517499,  22.180,       0.0000,    0.000, 0, 2460163.9888,    0.00,  -12.421, 2457447.7842,   0.1109
28589,3, 0.515400,  60.955,       0.0000,    0.000, 0, 2460163.9888,    0.00,  -12.421, 2457468.7197,   0.0886
28589,4, 0.512696,  64.452,       0.0000,    0.000, 0, 2460163.9888,    0.00,  -12.421, 2457489.6626,   0.1051
28589,5, 0.518838,   6.693, 2460163.9888,  -28.691, 2, 2460163.9888,    0.00,  -12.421, 2458577.0205,   0.1812
28589,6, 0.497781,  17.936,       0.0000,    0.000, 2, 2460163.9888,    0.00,  -12.421, 2458875.7033,   0.1971
28589,7, 0.477740,  58.574,       0.0000,    0.000, 0, 2460163.9888,    0.00,  -12.421, 2459345.1840,   0.1914
28589,8, 0.474100,  18.319,       0.0000,    0.000, 3, 2460163.9888,    0.00,  -12.421, 2459648.6748,   0.3292
29202,1, 0.743053,  13.628, 2460601.6093,  -25.346, 2, 2460593.1703,   16.10,  -26.411, 2460009.9106,   0.0837
29202,2, 0.743300,  21.193, 2460594.0694,  -26.751, 0, 2460593.1703,   16.10,  -26.411, 2460023.3464,   0.1566
29202,3, 0.746098,  14.586, 2460599.1788,  -33.854, 2, 2460593.1703,   16.10,  -26.411, 2460201.9212,   0.2525
29202,4, 0.746194,  10.472, 2460608.0297,  -34.811, 2, 2460593.1703,   16.10,  -26.411, 2460243.8510,   0.3280
29202,5, 0.746279,  14.285, 2460564.3477,  -47.919, 2, 2460593.1703,   16.10,  -26.411, 2460305.5061,   0.3051
29202,6, 0.746216,  11.673, 2460572.0352,  -48.407, 2, 2460593.1703,   16.10,  -26.411, 2460326.3977,   0.3281
29202,7, 0.716435,  10.951, 2460605.6290,  -53.711, 2, 2460593.1703,   16.10,  -26.411, 2460435.9633,   3.3674
29202,8, 0.709564,  11.341, 2460600.4629,  -58.307, 2, 2460593.1703,   16.10,  -26.411, 2460455.9959,   1.7359
32977,1, 0.676557, 148.755,       0.0000,    0.000, 2, 2460254.4279,    0.00,  -15.116, 2457176.7671,   0.0933
32977,2, 0.668341,  93.571,       0.0000,    0.000, 0, 2460254.4279,    0.00,  -15.116, 2457304.3842,   0.0875
32977,3, 0.667043, 112.454,       0.0000,    0.000, 0, 2460254.4279,    0.00,  -15.116, 2457328.2969,   0.0245
32977,4, 0.665925, 153.996,       0.0000,    0.000, 2, 2460254.4279,    0.00,  -15.116, 2457348.8881,   0.0199
32977,5, 0.664849, 105.173,       0.0000,    0.000, 0, 2460254.4279,    0.00,  -15.116, 2457369.0865,   0.0215
32977,6, 0.660481, 147.496,       0.0000,    0.000, 0, 2460254.4279,    0.00,  -15.116, 2457451.7443,   0.0167
32977,7, 0.657850, 101.643,       0.0000,    0.000, 0, 2460254.4279,    0.00,  -15.116, 2457502.7058,   0.0139
32977,8, 0.750504,  82.514, 2460254.4279,  -79.103, 0, 2460254.4279,    0.00,  -15.116, 2460109.6434,   0.2772
41561,1, 0.570130,   4.404, 2458851.2155,  -60.479, 2, 2459177.6649,  461.67,  -50.361, 2457576.0949,   0.5555
41561,2, 0.565211,  11.070,       0.0000,    0.000, 2, 2459177.6649,  461.67,  -50.361, 2457596.2546,   0.5446
41561,3, 0.541100,  10.116,       0.0000,    0.000, 2, 2459177.6649,  461.67,  -50.361, 2457636.9395,   0.4181
41561,4, 0.534074,  43.397,       0.0000,    0.000, 0, 2459177.6649,  461.67,  -50.361, 2457657.3356,   0.0964
41561,5, 0.546076, 110.300, 2459504.1143,  -48.623, 2, 2459177.6649,  461.67,  -50.361, 2458132.1871,   0.1896
41561,6, 0.557761,  63.135,       0.0000,    0.000, 0, 2459177.6649,  461.67,  -50.361, 2459473.1097,   0.1279
41561,7, 0.554299,  10.539,       0.0000,    0.000, 2, 2459177.6649,  461.67,  -50.361, 2459494.2270,   0.1091
41561,8, 0.559755,  10.724,       0.0000,    0.000, 2, 2459177.6649,  461.67,  -50.361, 2459612.9947,   1.0894
43670,ERR,,,,,,,,,,  2
27790,1, 0.673094,  96.254,       0.0000,    0.000, 0,       0.0000,    0.00,    0.000, 2453703.1057,   0.0487
27790,2, 0.672608, 116.430,       0.0000,    0.000, 0,       0.0000,    0.00,    0.000, 2454384.4777,   0.0492
27790,3, 0.671350, 155.360,       0.0000,    0.000, 2,       0.0000,    0.00,    0.000, 2454416.9440,   0.0797
27976,1, 0.561364,   2.918,       0.0000,    0.000, 2,       0.0000,    0.00,    0.000, 2452962.1865,   5.7814
27976,2, 0.478647,  22.410,       0.0000,    0.000, 0,       0.0000,    0.00,    0.000, 2453242.0855,   0.2620
27976,3, 0.472313, 147.774,       0.0000,    0.000, 2,       0.0000,    0.00,    0.000, 2453262.3553,   0.3469
27976,4, 0.473061,   5.739,       0.0000,    0.000, 2,       0.0000,    0.00,    0.000, 2453454.3835,   1.0650
27976,5, 0.382308,  16.913,       0.0000,    0.000, 2,       0.0000,    0.00,    0.000, 2456392.0408,   0.2646
27976,6, 0.368744,  36.829,       0.0000,    0.000, 0,       0.0000,    0.00,    0.000, 2456632.4027,   0.1952
27976,7, 0.374375,  95.284,       0.0000,    0.000, 0,       0.0000,    0.00,    0.000, 2456876.2865,   0.2667
27976,8, 0.362913,  14.152,       0.0000,    0.000, 0,       0.0000,    0.00,    0.000, 2457343.9254,   0.4030
44590,1, 0.425591, 110.274,       0.0000,    0.000, 0,       0.0000,    0.00,    0.000, 2458993.2100,   0.0366
44590,2, 0.422969, 104.280,       0.0000,    0.000, 0,       0.0000,    0.00,    0.000, 2459022.1014,   0.0666
44590,3, 0.420470, 111.215,       0.0000,    0.000, 0,       0.0000,    0.00,    0.000, 2459042.9815,   0.0857
44590,4, 0.437895, 157.057,       0.0000,    0.000, 2,       0.0000,    0.00,    0.000, 2459875.9141,   0.0666
44590,5, 0.429024, 107.561,       0.0000,    0.000, 0,       0.0000,    0.00,    0.000, 2460089.3877,   0.2773
44590,6, 0.425165, 113.270,       0.0000,    0.000, 0,       0.0000,    0.00,    0.000, 2460131.3105,   0.1420
44590,7, 0.421840,  89.264,       0.0000,    0.000, 0,       0.0000,    0.00,    0.000, 2460189.8616,   0.0636
44590,8, 0.397104, 102.283,       0.0000,    0.000, 3,       0.0000,    0.00,    0.000, 2460332.5733,   3.5982
45493,1, 0.576088,  83.481,       0.0000,    0.000, 2, 2461131.4511,    0.00,   21.634, 2459287.5972,   0.0363
45493,2, 0.575624,  80.041,       0.0000,    0.000, 2, 2461131.4511,    0.00,   21.634, 2459309.3969,   0.0877
45493,3, 0.573605,  84.705, 2461131.4511,   26.071, 0, 2461131.4511,    0.00,   21.634, 2459545.5815,   0.1042
48090,1, 0.748479,  21.542, 2460676.1997,  -37.592, 2, 2460689.8256,   11.88,  -33.568, 2460464.8653,   0.1367
48090,2, 0.748920,  11.080, 2460692.3394,  -34.933, 2, 2460689.8256,   11.88,  -33.568, 2460485.2861,   0.1843
48090,3, 0.749279,  12.657, 2460699.5207,  -34.971, 2, 2460689.8256,   11.88,  -33.568, 2460506.1738,   0.1561
48090,4, 0.749523,  10.025, 2460707.5896,  -34.689, 2, 2460689.8256,   11.88,  -33.568, 2460527.0138,   0.2367
48090,5, 0.749702,  10.315, 2460694.4951,  -42.545, 2, 2460689.8256,   11.88,  -33.568, 2460547.2898,   0.1488
48090,6, 0.749808,  12.781, 2460684.9242,  -50.346, 2, 2460689.8256,   11.88,  -33.568, 2460567.9760,   0.0560
48090,7, 0.749791,  34.924, 2460671.5183,  -61.268, 0, 2460689.8256,   11.88,  -33.568, 2460588.0831,   0.0661
48090,8, 0.747690,  42.903, 2460692.0180,  -64.367, 0, 2460689.8256,   11.88,  -33.568, 2460630.3012,   0.3373
27035,1, 0.713601,  88.425,       0.0000,    0.000, 2,       0.0000,    0.00,    0.000, 2454383.3108,   0.0871
27035,2, 0.715141,  92.497,       0.0000,    0.000, 0,       0.0000,    0.00,    0.000, 2456087.8065,   0.0320
27035,3, 0.711931,  91.550,       0.0000,    0.000, 2,       0.0000,    0.00,    0.000, 2457907.0596,   0.0523
27035,4, 0.711355,  85.056,       0.0000,    0.000, 0,       0.0000,    0.00,    0.000, 2457923.7976,   0.0195
27035,5, 0.712776, 142.820,       0.0000,    0.000, 0,       0.0000,    0.00,    0.000, 2459036.6673,   0.0784
27035,6, 0.711654,  84.045,       0.0000,    0.000, 2,       0.0000,    0.00,    0.000, 2459060.6962,   0.0782
27035,7, 0.710341,  88.220,       0.0000,    0.000, 2,       0.0000,    0.00,    0.000, 2459089.4482,   0.0089
27035,8, 0.708422, 129.375,       0.0000,    0.000, 0,       0.0000,    0.00,    0.000, 2459821.7774,   0.0086
27902,1, 0.616520, 119.639,       0.0000,    0.000, 0, 2460843.1649,    0.00,   -0.148, 2454530.4420,   0.0198
27902,2, 0.614773,  86.073,       0.0000,    0.000, 2, 2460843.1649,    0.00,   -0.148, 2454572.1810,   0.0128
27902,3, 0.589292,  91.531,       0.0000,    0.000, 2, 2460843.1649,    0.00,   -0.148, 2455022.9286,   0.0161
27902,4, 0.584324, 137.138,       0.0000,    0.000, 0, 2460843.1649,    0.00,   -0.148, 2455101.4562,   0.0193
27902,5, 0.568625, 147.961,       0.0000,    0.000, 0, 2460843.1649,    0.00,   -0.148, 2455342.9675,   0.0205
27902,6, 0.563570,  94.932,       0.0000,    0.000, 0, 2460843.1649,    0.00,   -0.148, 2455427.4590,   0.0193
27902,7, 0.562345, 127.196,       0.0000,    0.000, 0, 2460843.1649,    0.00,   -0.148, 2455448.8258,   0.0216
27902,8, 0.744215,  80.598, 2460843.1649,  -16.728, 2, 2460843.1649,    0.00,   -0.148, 2460796.6947,   1.0638
27901,1, 0.616574, 108.394,       0.0000,    0.000, 0, 2460871.3232,    6.21,   -0.051, 2454614.0809,   0.0341
27901,2, 0.588067, 105.168,       0.0000,    0.000, 0, 2460871.3232,    6.21,   -0.051, 2455097.8579,   0.0253
27901,3, 0.585280, 155.049,       0.0000,    0.000, 2, 2460871.3232,    6.21,   -0.051, 2455140.1093,   0.0366
27901,4, 0.584024, 137.452,       0.0000,    0.000, 0, 2460871.3232,    6.21,   -0.051, 2455160.4908,   0.0195
27901,5, 0.573414, 115.369,       0.0000,    0.000, 0, 2460871.3232,    6.21,   -0.051, 2455323.0694,   0.0230
27901,6, 0.567068, 142.451,       0.0000,    0.000, 0, 2460871.3232,    6.21,   -0.051, 2455430.4694,   0.0165
27901,7, 0.749879,  88.509, 2460875.7119,    0.873, 2, 2460871.3232,    6.21,   -0.051, 2460735.7339,   0.2938
27901,8, 0.744163,  64.592, 2460866.9344,  -14.005, 2, 2460871.3232,    6.21,   -0.051, 2460820.4780,   2.5330
41679,1, 0.578745,  11.583,       0.0000,    0.000, 2, 2459961.4845,  356.71,  -37.712, 2458572.4155,   0.0703
41679,2, 0.578041,  19.500,       0.0000,    0.000, 2, 2459961.4845,  356.71,  -37.712, 2458615.8931,   0.0816
41679,3, 0.577722,  10.652,       0.0000,    0.000, 2, 2459961.4845,  356.71,  -37.712, 2458638.3947,   0.0590
41679,4, 0.577232,   9.604,       0.0000,    0.000, 2, 2459961.4845,  356.71,  -37.712, 2458658.7814,   0.0579
41679,5, 0.575429,   7.944,       0.0000,    0.000, 2, 2459961.4845,  356.71,  -37.712, 2458876.3532,   0.1174
41679,6, 0.574901,   7.642,       0.0000,    0.000, 2, 2459961.4845,  356.71,  -37.712, 2458925.5104,   0.1552
41679,7, 0.574295,  10.213, 2460213.7174,  -31.790, 2, 2459961.4845,  356.71,  -37.712, 2458950.4251,   0.0945
41679,8, 0.572241,  16.021, 2459709.2517,  -65.150, 2, 2459961.4845,  356.71,  -37.712, 2459124.4590,   0.2675
44892,1, 0.597498,  12.113, 2459707.2901,  -56.878, 2, 2459707.2901,    0.00,  -56.878, 2458876.1841,   0.1612
45036,1, 0.580773,  11.248, 2460391.1793,  -22.087, 0, 2460145.1754,  305.58,  -35.264, 2458936.6670,   0.4672
45036,2, 0.577412,  10.589, 2460096.4900,  -38.735, 2, 2460145.1754,  305.58,  -35.264, 2458978.2610,   0.2523
45036,3, 0.572981,  55.826, 2460197.8015,  -34.002, 2, 2460145.1754,  305.58,  -35.264, 2459022.1259,   0.0888
45036,4, 0.571452,  37.664, 2460229.3807,  -32.598, 0, 2460145.1754,  305.58,  -35.264, 2459042.3070,   0.0883
45036,5, 0.569479,  21.866, 2459769.2771,  -63.734, 2, 2460145.1754,  305.58,  -35.264, 2459180.7796,   1.1724
45036,6, 0.558032,  16.097, 2459723.3111,  -67.803, 2, 2460145.1754,  305.58,  -35.264, 2459210.3617,   1.4239
45036,7, 0.510950,  13.822, 2460099.3588,  -47.021, 2, 2460145.1754,  305.58,  -35.264, 2459306.0097,   1.0193
45036,8, 0.497688,  17.535, 2460654.6051,  -10.158, 0, 2460145.1754,  305.58,  -35.264, 2459337.7302,   1.4549
44563,ERR,,,,,,,,,,  2
