norad,zone,e_opt,bn_opt,reentry_jd,rpe_pct,zstat,t_mean,t_std,ens_rpe_pct
42928,1, 0.320762,  86.377, 2458659.3446,   21.651, 0, 2458598.2209,   72.78,   10.026
42928,2, 0.294624, 119.275, 2458538.8774,   -1.489, 0, 2458598.2209,   72.78,   10.026
42928,3, 0.286876,  80.074, 2458542.8838,   -0.616, 0, 2458598.2209,   72.78,   10.026
42928,4, 0.279754,  93.409, 2458732.8156,   46.318, 0, 2458598.2209,   72.78,   10.026
42928,5, 0.274002, 116.336, 2458662.6212,   30.486, 0, 2458598.2209,   72.78,   10.026
42928,6, 0.225752, 114.131, 2458626.2008,   30.985, 0, 2458598.2209,   72.78,   10.026
42928,7, 0.139046,  84.406, 2458570.2411,   25.331, 0, 2458598.2209,   72.78,   10.026
42928,8, 0.074765, 159.701, 2458544.1045,   -8.555, 2, 2458598.2209,   72.78,   10.026
35497,1, 0.604933,  50.352,       0.0000,    0.000, 2, 2457754.8274,  372.90,   14.647
35497,2, 0.602383, 141.505,       0.0000,    0.000, 0, 2457754.8274,  372.90,   14.647
35497,3, 0.601999, 121.984,       0.0000,    0.000, 0, 2457754.8274,  372.90,   14.647
35497,4, 0.597874,  81.894,       0.0000,    0.000, 0, 2457754.8274,  372.90,   14.647
35497,5, 0.580989,  93.084, 2458388.8691,  383.321, 0, 2457754.8274,  372.90,   14.647
35497,6, 0.554514, 159.970, 2457824.9083,  109.408, 2, 2457754.8274,  372.90,   14.647
35497,7, 0.467968, 159.915, 2457684.7464,  -13.235, 2, 2457754.8274,  372.90,   14.647
35497,8, 0.358121, 158.512, 2457681.8271,  -75.745, 2, 2457754.8274,  372.90,   14.647
37151,1, 0.557667,  79.231,       0.0000,    0.000, 0, 2457381.2334,   51.90,    2.874
37151,2, 0.529945,  58.223,       0.0000,    0.000, 0, 2457381.2334,   51.90,    2.874
37151,3, 0.516021,  78.259, 2457381.2334,    3.935, 0, 2457381.2334,   51.90,    2.874
37151,4, 0.509659,  90.540, 2457279.6853,  -15.015, 0, 2457381.2334,   51.90,    2.874
37151,5, 0.481129,  76.630, 2457383.8801,    5.670, 0, 2457381.2334,   51.90,    2.874
37151,6, 0.416388,  81.358,       0.0000,    0.000, 0, 2457381.2334,   51.90,    2.874
37151,7, 0.367965,  93.825, 2457381.5594,   10.769, 0, 2457381.2334,   51.90,    2.874
37151,8, 0.069136, 157.696, 2457359.9042,   26.274, 2, 2457381.2334,   51.90,    2.874
39615,1, 0.553545,  83.942, 2457618.9659,  -64.676, 0, 2458018.3021,  246.52,    1.121
39615,2, 0.525856,  66.372,       0.0000,    0.000, 0, 2458018.3021,  246.52,    1.121
39615,3, 0.493935,  73.262,       0.0000,    0.000, 0, 2458018.3021,  246.52,    1.121
39615,4, 0.483599,  88.180,       0.0000,    0.000, 0, 2458018.3021,  246.52,    1.121
39615,5, 0.443605,  82.344, 2457954.3425,  -14.239, 0, 2458018.3021,  246.52,    1.121
39615,6, 0.336457,  67.789, 2458299.3890,  145.690, 0, 2458018.3021,  246.52,    1.121
39615,7, 0.301096,  78.375, 2458041.0124,   18.826, 0, 2458018.3021,  246.52,    1.121
39615,8, 0.115327,  66.017, 2458018.3021,   51.093, 0, 2458018.3021,  246.52,    1.121
27526,1, 0.570762,  70.231,       0.0000,    0.000, 0, 2456072.7139,  264.26,    2.634
27526,2, 0.498240,  79.298, 2456713.7125,  191.315, 0, 2456072.7139,  264.26,    2.634
27526,3, 0.446122,  88.762, 2456098.6962,   19.152, 0, 2456072.7139,  264.26,    2.634
27526,4, 0.428665,  93.281, 2456138.9076,   41.150, 0, 2456072.7139,  264.26,    2.634
27526,5, 0.409430,  90.433, 2456070.6095,    7.842, 0, 2456072.7139,  264.26,    2.634
27526,6, 0.389535,  82.372, 2456072.7139,   10.143, 0, 2456072.7139,  264.26,    2.634
27526,7, 0.368895, 159.745, 2456019.6412,  -26.363, 2, 2456072.7139,  264.26,    2.634
27526,8, 0.134614,  91.451, 2456056.6588,    1.030, 0, 2456072.7139,  264.26,    2.634
32007,1, 0.284862,  69.319, 2455471.7663,   12.406, 0, 2455471.7663,  201.78,   12.406
32007,2, 0.277458,  62.774,       0.0000,    0.000, 0, 2455471.7663,  201.78,   12.406
32007,3, 0.264677,  76.057, 2455893.6349,   64.919, 0, 2455471.7663,  201.78,   12.406
32007,4, 0.225185,  70.209, 2455642.1681,   49.017, 0, 2455471.7663,  201.78,   12.406
32007,5, 0.199668,  77.329, 2455468.3660,   25.752, 0, 2455471.7663,  201.78,   12.406
32007,6, 0.193975,  69.613, 2455626.8788,   64.196, 0, 2455471.7663,  201.78,   12.406
32007,7, 0.161389,  74.456, 2455447.3805,   35.613, 0, 2455471.7663,  201.78,   12.406
32007,8, 0.047282,  78.134, 2455359.4882,   31.347, 0, 2455471.7663,  201.78,   12.406
37819,1, 0.410451,  73.340, 2456640.4469,   22.660, 0, 2456549.6189,   41.56,    0.517
37819,2, 0.377074,  69.612, 2456604.9154,   17.435, 0, 2456549.6189,   41.56,    0.517
37819,3, 0.353842,  63.347, 2456572.4061,    8.631, 0, 2456549.6189,   41.56,    0.517
37819,4, 0.344646,  67.768, 2456544.5856,   -1.085, 0, 2456549.6189,   41.56,    0.517
37819,5, 0.321416,  68.203, 2456534.2237,   -5.824, 0, 2456549.6189,   41.56,    0.517
37819,6, 0.292110,  78.272, 2456547.9171,    0.223, 0, 2456549.6189,   41.56,    0.517
37819,7, 0.274714,  70.708, 2456548.8477,    0.808, 0, 2456549.6189,   41.56,    0.517
37819,8, 0.044510,  76.654, 2456550.3901,   75.263, 0, 2456549.6189,   41.56,    0.517
