# norad,i_mean,n,e_med,spread_log_ra,spread_log_rp,spread_log_a,ratio_rp_over_ra,pred_ratio,corr_dra_drp
11550,65.677,11666,0.63227,0.082906,0.37473,0.00012372,4.5199,4.4388,-0.99348
36518,46.064,2949,0.70674,0.061925,0.068165,0.056205,1.1008,5.8199,-0.27933
30799,8.925,1468,0.85856,0.02327,0.079105,0.025069,3.3995,13.14,-0.33933
35009,63.968,1601,0.72006,0.053892,0.12411,0.029175,2.303,6.1444,-0.66712
41688,64.315,798,0.56736,0.0066582,0.039529,0.003355,5.9369,3.6227,-0.94424
48259,64.517,734,0.69722,0.0088068,0.050457,0.00016773,5.7293,5.6055,-0.91587
27906,66.63,1111,0.65914,0.036005,0.19,8.6389e-05,5.2771,4.8675,-0.98645
27882,65.646,1990,0.62161,0.073953,0.3433,0.00033211,4.6422,4.2856,-0.99589
39802,65.171,486,0.56784,0.0024533,0.034233,0.0056425,13.954,3.628,-0.48611
28572,46.602,284,0.67096,0.004796,0.031749,0.0012885,6.6198,5.0783,-0.97632
41695,64.819,241,0.54071,0.032811,0.11668,0.027428,3.5559,3.3545,-0.9191
45349,64.387,354,0.58081,0.042356,0.02302,0.037485,0.54348,3.7711,0.022261
23647,62.924,209,0.68266,0.0035691,0.019141,3.629e-05,5.3629,5.3024,-0.99819
21935,52.246,6944,0.49115,0.16442,0.039482,0.12034,0.24012,2.9304,-0.8279
48264,62.581,790,0.70917,0.035732,0.2129,0.00036954,5.9582,5.8768,-0.95903
28589,65.555,3259,0.55032,0.1225,0.053398,0.093762,0.43589,3.4476,-0.64698
29202,62.518,386,0.74372,0.012277,0.039805,0.013933,3.2424,6.804,-0.99928
32977,67.991,1168,0.68446,0.036394,0.1933,0.0001853,5.3113,5.3383,-0.99808
41561,64.73,396,0.54341,0.024335,0.082361,0.013133,3.3844,3.3803,-0.87616
27790,26.471,862,0.67125,0.0023091,0.011576,0.00064772,5.0133,5.0837,-0.99226
27976,63.283,2055,0.44499,0.15462,0.10966,0.08373,0.70926,2.6036,-0.56684
44590,52.515,867,0.4294,0.0089643,0.054882,0.009758,6.1222,2.5051,-0.82053
45493,64.902,271,0.57703,0.0096424,0.0048926,0.007719,0.50741,3.7284,-0.76272
48090,62.326,792,0.70892,0.033944,0.19415,0.0021398,5.7196,5.871,-0.94338
27035,8.1455,1374,0.71214,0.010203,0.019297,0.0069475,1.8913,5.9479,-0.60475
27902,65.715,2575,0.62036,0.076019,0.31084,0.0002891,4.089,4.2682,-0.9963
27901,65.668,2824,0.62215,0.073037,0.29657,0.00034101,4.0605,4.2932,-0.9878
41679,64.328,532,0.56953,0.0066548,0.038312,0.00832,5.757,3.646,-0.89923
45036,64.564,220,0.57211,0.028168,0.016623,0.022701,0.59013,3.6741,-0.056566
18983,63.698,1248,0.72959,0.037748,0.22591,0.00018282,5.9848,6.3961,-0.98975
832,64.925,791,0.7973,0.061403,0.43086,0.011154,7.0169,8.8667,-0.87265
8844,63.692,732,0.7163,0.038273,0.24341,0.0020402,6.3597,6.0497,-0.98588
13112,64.521,647,0.71526,0.033865,0.20567,0.00018509,6.0733,6.0239,-0.96307
28141,25.028,536,0.84913,0.0071978,0.086664,0.00026334,12.04,12.256,-0.97447
2924,53.161,367,0.77663,0.022576,0.18355,0.00013429,8.1302,7.9536,-0.99009
8529,64.088,335,0.73849,0.02628,0.16065,0.0011871,6.1129,6.648,-0.97574
19881,59.509,296,0.72043,0.011966,0.066871,0.0011588,5.5884,6.1539,-0.99106
32971,64.282,153,0.72585,0.12182,0.58216,0.0039077,4.779,6.2953,-0.99999
21962,63.325,112,0.73168,0.0082226,0.056129,0.00017433,6.8262,6.4539,0.74855
4431,65.434,231,0.71115,0.021175,0.12855,0.00012531,6.071,5.9241,-0.67637
8080,83.224,126,0.20283,0.15879,0.26851,0.011932,1.691,1.5089,-0.9991
2805,53.214,400,0.78094,0.022865,0.18614,0.0001694,8.1408,8.1298,-0.99391
830,64.767,725,0.79694,0.051837,0.42896,0.00021756,8.2752,8.8492,-0.99907
7352,65.527,927,0.66411,0.055604,0.28315,0.0016846,5.0923,4.9544,-0.63142
28140,25.371,582,0.84918,0.0060401,0.072897,0.00035619,12.069,12.261,-0.98024
3138,50.414,750,0.46784,0.14098,0.43991,0.00034995,3.1204,2.7583,-0.85288
37798,51.103,166,0.58232,0.0066769,0.0067481,0.0041211,1.0107,3.7883,0.94423
32491,51.471,580,0.49488,0.12266,0.0073457,0.089972,0.059887,2.9595,-0.058429
879,72.844,1611,0.60966,0.29744,1.6554,0.00054946,5.5656,4.1237,-0.99902
44911,15.315,508,0.83768,0.0070918,0.067538,0.0010858,9.5233,11.321,0.60179
26463,129.82,3370,0.59142,0.24314,1.3484,0.034712,5.5461,3.895,0.75767
42908,48.22,2098,0.71867,0.034595,0.057697,0.02846,1.6678,6.1091,-0.53911
41686,64.311,422,0.57013,0.0065288,0.038602,0.0037554,5.9125,3.6526,-0.91676
42977,64.873,291,0.56222,0.01163,0.02077,0.0065125,1.7859,3.5685,-0.61994
45494,64.807,285,0.5778,0.0026433,0.0099501,0.0027906,3.7643,3.7371,-0.77767
45495,64.906,337,0.54562,0.014687,0.03917,0.0069517,2.6669,3.4016,-0.94322
45499,64.729,337,0.5873,0.0049195,0.01303,0.0050199,2.6486,3.8461,-0.65346
3145,48.97,662,0.64439,0.18994,0.99073,0.0002399,5.216,4.6242,-0.99992
3619,65.005,190,0.71447,0.011997,0.075163,0.00022774,6.265,6.0044,-0.98595
5689,65.459,133,0.73601,0.0017923,0.011163,0.00014439,6.2283,6.576,-0.96696
6034,65.338,228,0.7407,0.0082972,0.038462,0.0028132,4.6355,6.7132,-0.90996
6741,65.573,169,0.73808,0.0070395,0.044416,0.00037688,6.3095,6.6359,-0.97952
6815,65.331,187,0.70428,0.016739,0.10044,2.3306e-05,6.0003,5.7631,-0.99981
9892,66.344,5990,0.68484,0.079348,0.42164,0.0018179,5.3138,5.346,-0.9982
10422,34.374,498,0.88253,0.034358,0.51654,0.00069735,15.034,16.025,-0.92516
10423,33.791,433,0.88017,0.037403,0.55072,0.00068102,14.724,15.691,-0.95735
14095,72.072,136,0.90508,0.01784,0.42696,0.0019636,23.932,20.071,-0.68488
20352,77.266,333,0.64317,0.31165,1.9585,0.0017212,6.2842,4.605,-0.88711
38587,49.016,130,0.64141,0.0023149,0.010717,6.9462e-05,4.6297,4.5774,-0.9743
41553,22.051,455,0.86928,0.0045501,0.019215,0.0044261,4.223,14.3,-0.31259
42979,64.934,883,0.56687,0.011786,0.043772,0.00029958,3.7139,3.6176,-0.98745
45497,64.758,534,0.57628,0.001879,0.009003,0.00056634,4.7915,3.7201,-0.97615
56758,27.978,277,0.8168,0.0011232,0.0096157,0.00021929,8.5614,9.9172,-0.65563
2822,64.824,219,0.72661,0.018554,0.10888,0.0013071,5.8682,6.3155,-0.88905
4336,65.607,729,0.74137,0.0089555,0.056135,0.00048885,6.2682,6.7332,-0.038505
4779,65.495,515,0.71948,0.018122,0.11354,0.00036747,6.2655,6.1296,0.032402
4829,65.055,257,0.73794,0.0024307,0.016562,3.9509e-05,6.8136,6.6318,0.28782
5367,65.511,553,0.72772,0.021847,0.13609,0.0001596,6.2291,6.3453,-0.095686
5620,65.489,222,0.73946,0.0027507,0.01798,0.00036399,6.5365,6.6763,0.50366
6031,65.469,230,0.74679,0.022453,0.040147,0.01711,1.788,6.8985,-0.19159
6208,65.478,423,0.71555,0.017317,0.10698,0.00061419,6.1778,6.0311,0.1607
6231,65.411,406,0.74461,0.0079245,0.051193,0.00045603,6.46,6.8311,0.77189
6294,65.061,216,0.73873,0.0050405,0.032751,0.00030433,6.4976,6.6551,-0.99766
6308,65.465,120,0.74141,0.00066627,0.004297,0.00010838,6.4494,6.7342,-0.98195
6356,65.077,273,0.72628,0.013863,0.088024,0.00019798,6.3497,6.3068,0.59968
6418,65.467,325,0.71832,0.019236,0.12033,0.00066448,6.2554,6.1001,-0.28234
6805,65.494,277,0.71911,0.020463,0.12871,0.00012112,6.2897,6.1203,-0.99698
6877,64.672,887,0.71534,0.026366,0.16381,0.013669,6.2129,6.0258,0.21839
6932,65.21,264,0.72975,0.013523,0.087539,0.00017336,6.4732,6.4006,-0.98807
7249,47.101,109,0.72169,0.0044207,0.024176,0.00069545,5.469,6.1862,-0.98859
8415,47.008,117,0.72436,0.003126,0.01773,0.00054984,5.6717,6.256,-0.99694
10370,70.227,1774,0.75104,0.13956,1.3007,0.00092312,9.3204,7.0335,-0.90518
14828,47.055,170,0.7235,0.0022935,0.0097587,0.00091385,4.2549,6.2334,-0.96873
18111,47.525,383,0.72056,0.0028725,0.0052123,0.0022111,1.8146,6.1572,-0.90755
18528,58.289,147,0.73515,0.0049314,0.034532,0.00037288,7.0024,6.5513,-0.9877
20354,76.449,237,0.80001,0.19308,1.6707,0.0022718,8.6527,9.0004,-0.8702
27542,84.361,1059,0.82473,0.06822,0.87018,0.00045876,12.756,10.411,-0.78511
27963,65.249,319,0.5638,0.021337,0.039034,0.012627,1.8294,3.5851,-0.66695
27967,65.723,237,0.53802,0.11658,0.043482,0.089555,0.37299,3.3291,0.11085
28260,65.199,444,0.55685,0.030509,0.055713,0.017248,1.8261,3.5131,-0.65487
29462,65.311,145,0.44642,0.28994,0.090064,0.22641,0.31063,2.6129,0.35073
34201,47.254,165,0.4308,0.039975,0.066209,0.020559,1.6562,2.5137,-0.90216
