norad,first_tle,decay,orem_pred,cutoff,rpe_orem,e300_obs,e300_pred,gap,gap_loo,fc_decay,err_orem_d,err_fc_d,span_yr,lead_orem_d,err_orem_pct_span,err_fc_pct_span
7480,2442346.10149713,2446428.5,2446375.5,2446338.5,-2.26,2446297.48859677,2446396.10149713,131.0114032300189,144.6996440149378,2446540.8011411447,-53.0,112.3011411447078,11.176997954469533,90.0,-1.2982564039924098,2.7508618050334417
7641,2442475.79350185,2446281.5,2446195.5,2446191.5,-3.88,2446117.37589309,2446195.79350185,164.12410691007972,137.32970076496713,2446333.1232026154,-86.0,51.62320261541754,10.419456531553134,90.0,-2.2597643838748613,1.3564683099055368
7653,2442452.80816793,2446411.5,2446367.5,2446321.5,-1.87,2446267.8520017,2446122.80816793,143.64799829991534,138.3813464799896,2446261.18951441,-44.0,-150.31048558978364,10.838307548445648,90.0,-1.1114782828901062,-3.7969736459934262
7903,2442570.15461488,2447063.5,2446802.5,2446973.5,-5.94,2446682.83128974,2448420.15461488,380.66871026018634,137.32970076496713,2448557.484315645,-261.0,1493.9843156449497,12.302109199506598,90.0,-5.80858976174702,33.24881992362407
8187,2442659.12283179,2446388.5,2446194.5,2446298.5,-8.35,2446108.4650805,2446079.12283179,280.0349194998853,137.32970076496713,2446216.452532555,-194.0,-172.04746744502336,10.210478215496847,90.0,-5.201941001132453,-4.613302964140556
8844,2442914.86525963,2448016.5,2447950.5,2447926.5,-1.67,2447899.18743843,2447834.86525963,117.31256157020107,144.6996440149378,2447979.564903645,-66.0,-36.93509635515511,13.967514689582094,90.0,-1.293702966967312,-0.7239855112104199
10605,2443552.39705905,2447865.5,2447824.5,2447775.5,-1.28,2447714.06517706,2447712.39705905,151.43482293980196,137.32970076496713,2447849.7267598147,-41.0,-15.773240185342729,11.80863228186195,90.0,-0.9505917331750178,-0.36570516403831177
10802,2443627.47439169,2448004.5,2448015.5,2447914.5,0.36,2447858.74871027,2447647.47439169,145.75128972996026,137.32970076496713,2447784.8040924547,11.0,-219.695907545276,11.983643007008926,90.0,0.2513122148318239,-5.019296828608265
11073,2443825.82059546,2448728.5,2448714.5,2448638.5,-0.33,2448631.9174891,2447425.82059546,96.58251090021804,144.6996440149378,2447570.520239475,-14.0,-1157.9797605248168,13.422804666776146,90.0,-0.2855581375978959,-23.61932455653744
11602,2444172.94947624,2449639.5,2449573.5,2449549.5,-1.32,2449526.24588161,2449392.94947624,113.25411838991567,144.6996440149378,2449537.6491202554,-66.0,-101.85087974462658,14.966599654373162,90.0,-1.2073427239561367,-1.8631654331546421
13107,2445052.56005529,2448796.5,2448751.5,2448706.5,-1.61,2448688.54272282,2448772.56005529,107.95727718016133,144.6996440149378,2448917.2596993046,-45.0,120.75969930458814,10.250348924599908,90.0,-1.2019423565696172,3.225471056906556
