norad,lead_yr,B_src,BN_kg_m2,inc,e0,hp0,dated,err_d,m_first_dated,m_needed,m_fit,da_obs_prev_yr_km,err_fit_d,dated_fit,f107_mean,hp_obs_min,hp_mod_min,hp_bias_med,n_tle_window,last_tle_minus_decay_d
830,1.0,discos,114.49449931951132,65.9763,0.7981409,1641.5513515579687,True,-22.174011203926057,0.25,,,-0.0381711590744089,,False,137.7158038147139,63.5134188752736,127.23775062430948,57.77064753561263,72,-33.67249683011323
832,1.0,discos,62.2897486858712,66.0031,0.8016073,1526.1802758328622,True,-49.16417899401858,0.25,,,-0.1428199014844722,,False,144.18365122615802,103.44498116978411,260.056293300046,99.97619662675356,58,-88.48452479019761
879,1.0,discos,53.36766405623437,72.5612,0.8455139,6108.35621116696,True,33.48739794548601,0.25,,999.9780410784554,7.109014285204466,32.655176943633705,True,69.84398907103825,344.98238811823376,521.2709276937519,152.13415656168127,109,-8.246219030115753
2805,1.0,discos,84.81248537657365,53.8385,0.7938111,1219.904155763243,True,44.76160484459251,0.25,,,0.2374023235825006,,False,85.30217391304348,163.53527953762932,406.1792137683243,197.7400674226324,18,-55.66165428981185
2924,1.0,discos,107.17504585312815,53.2515,0.8018715,913.4628336536352,True,-92.72454353235662,0.25,,,-0.1925395866273902,,False,102.37593582887698,198.4716075430706,498.7946116798808,275.1322868706279,8,-224.4360866099596
3138,1.0,discos,51.32705498631278,46.574,0.8697802,4026.55337334497,True,-11.510470442473888,0.25,,,0.1261038939410355,,False,92.5068119891008,85.11110149516844,-141.0811472125988,248.30082332780307,64,-7.1506944401189685
4336,1.0,discos,61.31518179530632,65.0343,0.7307441,770.885294081676,True,31.12435703491792,0.25,,999.9780410784554,7.735155099151598,-6.667466635815799,True,79.37206266318537,137.96600091198434,213.601502634654,77.42043165847969,41,-41.848311440087855
4779,1.0,discos,61.31518179530632,65.413,0.7347404,668.3196371867016,True,17.63644613325596,0.25,,,-8.609662544171442,,False,77.16781914893618,191.15182785743215,267.91642578369783,58.6087092498326,27,-123.88006641995162
5367,1.0,discos,61.31518179530632,65.3034,0.7336705,694.3926017994154,True,42.768809100613,0.25,,,1.70743097929153,,False,77.54972972972973,91.00839230755628,172.43333553556178,67.63234512668927,64,-29.443270840216428
6208,1.0,discos,49.66659714154634,65.3388,0.7342578,680.2430477723092,True,47.55182002438232,0.25,,,0.9409604071443028,,False,88.32391304347826,150.26836821474444,205.33463201207985,74.68013240348134,58,-52.3955244300887
6231,1.0,discos,61.31518179530632,64.6671,0.744677,401.8536589151545,True,7.384604767896235,0.25,50.49970744666674,,-2.9416993825507234,,False,83.1606557377049,130.62164441617097,153.3544260207508,21.391192154442507,62,-41.815619439817965
6418,1.0,discos,49.66659714154634,65.286,0.7333284,705.9213578976596,True,28.90373777458444,0.25,,,-1.0999062359951497,,False,144.8489189189189,150.18641571026365,228.15043053768773,78.19316375875425,50,-77.74857430998236
6877,1.0,discos,49.66659714154634,64.5851,0.745496,472.98424820139735,True,-12.453461152035745,0.25,,,1.5683840396013693,,False,149.4561307901907,111.67853310264309,117.24370499100247,6.210678413659139,187,-45.29655183991417
7352,1.0,discos,135.15305499965666,63.2908,0.7329409,708.0104831404424,True,29.401471194345504,0.25,,999.9780410784554,13.864003973660148,1.4014713601209223,True,201.88201634877385,179.48855746981008,200.6082938251337,28.37929333853839,133,-38.45076875016093
8529,1.0,discos,55.73442578522593,64.2106,0.7437324,511.3404448105648,True,-23.63167268037796,0.25,,,0.3896654072123056,,False,73.50483460559796,92.91141737759516,165.77344564813797,87.57124458372473,34,-115.90000001015142
9892,0.5,default,45.45454545454545,64.0828,0.745937,367.1066614693618,False,,,,19.859481738192024,26.61075004074155,,False,82.19945945945946,364.3394042713935,367.5891055779994,2.0180555978462564,108,5737.485570299905
9892,1.0,default,45.45454545454545,64.2108,0.7435373,426.5395592641262,False,,,,172.35408655301404,29.66864466745756,,False,82.76120218579234,354.19001351506176,373.2974704847499,9.828282276197,217,5737.485570299905
9892,2.0,default,45.45454545454545,64.5222,0.7295558,805.531742507631,False,,,,,,,False,94.92704918032788,354.19001351506176,372.073522364204,11.2666214463423,387,5737.485570299905
10370,1.0,discos,161.09775397707173,73.8236,0.8723236,7089.335674914399,True,-25.885035189334303,0.25,,999.9780410784554,6.563107685607974,-26.691002398263663,True,69.99891008174386,179.34121323608724,77.231027803894,-325.82974475507865,108,0.5041125598363578
11550,1.0,discos,52.2757871906754,62.6548,0.7493316,312.07839963620245,True,-19.134019813034683,0.25,,8.41774361425702,14.41385839443683,-35.48401971766725,True,195.1248633879781,108.09930379497108,90.10610875074508,-1.847880326455396,529,-12.004561190027744
13112,1.0,discos,55.73442578522593,64.604,0.7482694,396.0890126309232,True,-65.92238510446623,0.25,,,3.357065126361704,,False,158.93252032520326,107.69446695259194,107.43293513268816,23.01955104967753,94,-77.67429989995435
18111,1.0,discos,38.23852528831251,47.5886,0.7207185,317.9731356777047,True,-128.7855382100679,0.25,,4.956435385216741,55.04636275140729,-134.335538179148,True,208.42815789473687,107.7758824749917,119.28602976860816,13.097507771822606,112,-161.08266542991623
18983,1.0,discos,55.73442578522593,62.0439,0.7452115,473.70663142600006,True,-37.29820387344808,0.25,,,3.136996222641756,,False,187.66103542234333,193.1014155607845,194.5377890822297,8.479632078415136,127,-114.17812273977324
20352,1.0,discos,107.554506627244,74.386,0.7913487,16192.49647101572,True,55.73491146368906,0.25,,,2.1515664098697016,,False,131.10597826086956,210.9643622511821,1532.8653778085074,1773.8775395833277,50,-3.25
21935,0.5,satcat_rcs,757.5757575757575,52.4849,0.4063485,386.1942700282316,False,,,,999.9780410784554,1241.5994085994644,,False,161.0857142857143,,,,0,-279.7530571199022
21935,1.0,satcat_rcs,757.5757575757575,52.3158,0.4122902,539.8242907363083,False,,,,999.9780410784554,993.4540758246494,,False,161.71584699453553,381.9456267213373,539.8442894442848,70.86642963984309,63,-279.7530571199022
21935,2.0,satcat_rcs,757.5757575757575,52.4964,0.4526869,608.0432036120155,False,,,,999.9780410784554,74.25631001980946,,False,153.09084699453553,381.9456267213373,574.2893280483863,86.30216732390153,340,-279.7530571199022
26463,0.5,discos,7.938786058738742,153.3651,0.9034661,790.1152605023399,True,-55.10941242752597,0.25,,,-1479.335775036394,,False,144.7679347826087,131.38767659271434,-29889360835.31502,-87.05448046757184,118,-1.422008969821036
26463,1.0,discos,7.938786058738742,152.6235,0.8790576,2602.5431402697523,False,,32.0,,,-1484.394277635307,,False,165.20896739130438,131.38767659271434,191.10074979502025,23.9343702975998,171,-1.422008969821036
26463,2.0,discos,7.938786058738742,145.9497,0.7999769,8177.833760102616,False,,,,999.9780410784554,6.401726163952844,,False,173.3304644808743,131.38767659271434,346.841410054394,231.0906964856611,402,-1.422008969821036
27542,1.0,discos,46.82932860755485,92.1435,0.8640839,4779.093044795385,True,8.876710700336844,0.25,,,-2.08444843023608,,False,78.69782016348773,128.85141717972692,210.62224213608715,-12.90218769265175,133,-3.2916666697710752
27882,1.0,satcat_rcs,757.5757575757575,63.1028,0.7472179,395.42948889126455,True,48.9557478800416,0.25,,910.7160928505908,13.928655216892366,1.1608266392722726,True,70.27220708446868,143.85453016484553,136.5247555072687,-9.321349380527325,193,-31.02600440988317
27901,1.0,satcat_rcs,22.727272727272727,62.3867,0.741127,485.4652725598071,True,22.648856192827225,0.25,21.756270677546635,,0.9213661875510296,,False,182.78365122615804,125.78107574280784,129.17839977393362,5.272993645066663,236,-20.409591500181705
27902,1.0,satcat_rcs,757.5757575757575,62.3965,0.7411245,481.476081569529,True,35.68934083590284,0.25,,999.9780410784554,9.041496665260638,-8.94308989495039,True,186.8765667574932,124.9369424710094,131.89362935483695,10.46825298183512,245,-32.07265656022355
27906,0.5,satcat_rcs,757.5757575757575,64.3856,0.7442,308.1529707737973,False,,,,295.50695257124187,33.80858353459189,,False,69.8247311827957,251.088183107453,258.5634628772214,7.316200715999287,25,-123.10810536006466
27906,1.0,satcat_rcs,757.5757575757575,64.749,0.7381096,475.52949640737097,False,,,,,3.3391408241004683,,False,70.24016393442623,251.088183107453,263.5113492110755,18.95990006668137,63,-123.10810536006466
27906,2.0,satcat_rcs,757.5757575757575,65.5098,0.7277436,747.7165825029788,False,,,,,0.4187228412447439,,False,73.99084699453552,251.088183107453,263.39284608191883,13.259646938675814,153,-123.10810536006466
27963,0.5,satcat_rcs,757.5757575757575,65.0063,0.5535477,432.224013022872,False,,,,,,,False,105.26632124352332,528.7033163896212,424.2967672446045,-147.72169771165989,42,-47.07828593021259
27963,1.0,satcat_rcs,757.5757575757575,65.157,0.5572891,726.6426564597032,False,,,,,,,False,105.40245901639344,363.77539792656535,679.0615299958149,107.04306503955058,230,-47.07828593021259
29202,1.0,satcat_rcs,757.5757575757575,61.3126,0.7190539,187.471064354173,True,-132.0604895367287,0.25,,423.2792396462175,3121.342169482541,-244.11206217575815,True,193.53551912568307,176.5039291443145,168.0586335058576,-0.8184780834585439,24,-319.3957221400924
35009,1.0,discos,51.18808160149405,63.3928,0.7164418,405.7467047033988,True,-32.44930825429037,0.25,,,0.5257901235781901,,False,69.86475409836065,73.48205436023454,101.36279934162792,11.44587717300837,125,-32.993911180179566
37819,1.0,discos,22.54896790511836,63.3225,0.3951456,145.9041559691168,True,-264.0252270884812,0.25,,,,,False,117.2051912568306,109.15854766482062,98.01951917860788,-32.59530651308205,986,0.7633833298459649
39615,1.0,discos,55.31164426323674,48.4873,0.4262204,142.301184001848,True,-123.00234732264651,0.25,0.6528238295394192,0.2898692001465827,5835.677424296726,412.597650682088,True,78.65573770491804,115.90788695032823,107.79247935828516,-2.9742631373623,670,0.5104259802028537
42908,1.0,discos,55.31164426323674,48.5358,0.7108488,475.8679790108936,True,11.42597804684192,0.25,25.181579535015395,21.30612950075422,16.552674145095807,1.3280042433179915,True,142.78278688524588,121.89583610926913,121.82725662889445,4.587458523192623,282,-19.5555393001996
45349,0.5,satcat_rcs,757.5757575757575,64.1702,0.45841,241.91119287442325,False,,,,999.9780410784554,3853.708886578164,1.02028078911826,True,126.89184782608694,250.22314073997225,241.7233718304998,-8.499768909472408,2,-182.46951906010509
45349,1.0,satcat_rcs,757.5757575757575,64.2476,0.563925,339.6996214304381,True,779.1149388882332,0.25,,999.9780410784554,804.4776113745484,200.89769570576027,True,115.28016304347824,238.79395610617397,292.94063641611723,44.14418250847348,79,-182.46951906010509
45349,2.0,satcat_rcs,757.5757575757575,64.5839,0.5833396,375.80719532498006,True,675.6680521476083,0.25,,,,,False,97.49986338797814,238.79395610617397,250.0853765123447,-5.333919809378756,253,-182.46951906010509
48090,1.0,satcat_rcs,757.5757575757575,62.0365,0.746477,358.94830933773574,True,-53.30963085638359,0.25,,,-48.12459323156145,,False,193.45819672131148,147.03245715309367,150.49764606328858,10.893141701184092,162,-143.41972015006468
48259,1.0,satcat_rcs,757.5757575757575,62.4441,0.7309228,692.1958762949344,True,25.24563204078004,0.25,,,0.4706374018169299,,False,140.95027027027027,437.5369705125013,470.6442106967312,10.737105494837692,47,-233.6490383502096
48264,1.0,satcat_rcs,757.5757575757575,62.48,0.7419037,460.4730745865354,True,31.911399664357305,0.25,,,-5.39019795929562,,False,194.3950953678474,110.76047075042698,111.42647633948546,10.008786751529897,249,-10.900152020156384
