norad,lead_yr,zone,zone_valid,zone_age_d,bn_orem,bn_object_info,bn_source,scope,dated,err_d,model_hp_min,t_hp_min_d,real_decay_after_start_d,note
27906,0.5,2.0,True,3487.1674999999814,117.166,757.5757575757575,satcat_rcs,,False,,160.7483703746757,300.5,185.71238570986316,
27906,1.0,2.0,True,3304.5424999999814,117.166,757.5757575757575,satcat_rcs,,False,,165.44666790252631,480.0,365.500337400008,
27906,2.0,2.0,True,2939.2924999999814,117.166,757.5757575757575,satcat_rcs,,False,,169.44161028179587,841.25,731.7679313397966,
45349,0.5,7.0,False,50.144299999810755,10.393,757.5757575757575,satcat_rcs,,True,1375.0445306990296,129.16106915366345,1558.4999999990687,183.4554693000391,
21935,0.5,7.0,True,826.9445000002161,113.556,757.5757575757575,satcat_rcs,,False,,382.0606538950933,739.0,279.7530571199022,
21935,1.0,7.0,True,644.3195000002161,113.556,757.5757575757575,satcat_rcs,,False,,539.4217467196222,892.0,365.420025839936,
21935,2.0,7.0,True,279.06950000021607,113.556,757.5757575757575,satcat_rcs,,False,,573.8811163418459,1500.0,731.3579487297684,
26463,1.0,8.0,True,2523.75810000021,97.196,7.938786058738742,discos,manoeuvred spacecraft (section 16),False,,190.22780267368034,357.73867447301745,367.2575055300258,
26463,2.0,8.0,True,2158.50810000021,97.196,7.938786058738742,discos,manoeuvred spacecraft (section 16),False,,345.0253879708562,739.8838499127887,731.3740611299872,
27963,0.5,,,,,,,,,,,,,no OREM zone before the forecast start
27963,1.0,,,,,,,,,,,,,no OREM zone before the forecast start
