case,status,ksrop_end_jd,nrev,wall_s,ngeo,fr,tail
lead_8844_L0.25,decay,2447953.1619917825,3107,0.6,20,1.0,tate saved as the last OEM data point. | OEM written: output/KSROP_20261006T094958.oem         |    2903.73949984862        1164.30978473722       -5649.73345681143
mid_8844,decay,2447966.000912627,5864,20.1,20,1.0,tate saved as the last OEM data point. | OEM written: output/KSROP_20261006T094958.oem         |    2999.58899283367        946.004948997749       -5640.26473108816
lead_8844_L0.5,decay,2447963.6019877545,3246,1.9,20,1.0,tate saved as the last OEM data point. | OEM written: output/KSROP_20261006T095019.oem         |    2991.11867201325        1004.91462211356       -5634.62425613830
lead_8844_L1.0,decay,2447965.79496441,3605,4.3,20,1.0,tate saved as the last OEM data point. | OEM written: output/KSROP_20261006T095039.oem         |    2944.95264154314        1086.41412591729       -5643.95792372394
lead_8844_L2.0,decay,2447953.2508890047,4321,8.6,20,1.0,tate saved as the last OEM data point. | OEM written: output/KSROP_20261006T095042.oem         |    2923.44459894785        1142.50729911321       -5644.06963948280
full_8844,decay,2447911.653799259,12884,61.0,20,1.0,tate saved as the last OEM data point. | OEM written: output/KSROP_20261006T094958.oem         |    3073.13209488394        644.322481081809       -5643.15217611809
lead_8844_L4.0,decay,2448017.485955891,5749,18.4,20,1.0,tate saved as the last OEM data point. | OEM written: output/KSROP_20261006T095104.oem         |    3112.32875958036        289.868690752744       -5651.18907497927
mid_9269,decay,2448489.091115845,6766,25.5,20,1.0,tate saved as the last OEM data point. | OEM written: output/KSROP_20261006T095110.oem         |    2932.51217090309       -732.638938582258       -5706.94235437194
lead_9269_L0.25,decay,2448539.5420033913,3290,1.6,20,1.0,tate saved as the last OEM data point. | OEM written: output/KSROP_20261006T095142.oem         |    2847.37638335989       -1048.75225279500       -5700.50907026893
lead_9269_L0.5,decay,2448559.5139654977,3471,3.1,20,1.0,tate saved as the last OEM data point. | OEM written: output/KSROP_20261006T095156.oem         |    2347.54013930845       -2371.15158490719       -5529.24548810337
lead_9269_L1.0,decay,2448553.146060671,3847,5.8,20,1.0,tate saved as the last OEM data point. | OEM written: output/KSROP_20261006T095204.oem         |    2630.30381312214       -1680.05253244190       -5653.37458156387
lead_9269_L2.0,decay,2448547.1464251503,4618,12.2,20,1.0,tate saved as the last OEM data point. | OEM written: output/KSROP_20261006T095220.oem         |    2699.10106358738       -1404.57846640984       -5696.27542194202
full_9269,decay,2448389.4673941433,14471,74.8,20,1.0,tate saved as the last OEM data point. | OEM written: output/KSROP_20261006T095120.oem         |    2617.81843875884       -2003.42197783590       -5553.40237717015
lead_9269_L4.0,decay,2448606.069440104,6084,21.4,20,1.0,tate saved as the last OEM data point. | OEM written: output/KSROP_20261006T095231.oem         |    2641.87921163202       -1418.21158132177       -5719.82629328777
mid_11073,decay,2448673.6006207755,5463,18.9,20,1.0,tate saved as the last OEM data point. | OEM written: output/KSROP_20261006T095253.oem         |    3037.03544825817        1194.44757940934       -5572.87790875823
lead_11073_L0.25,decay,2448702.5920805093,3285,1.3,20,1.0,tate saved as the last OEM data point. | OEM written: output/KSROP_20261006T095312.oem         |    2834.37552889727        1557.67716711285       -5589.56796260263
lead_11073_L0.5,decay,2448715.106107535,3450,3.0,20,1.0,tate saved as the last OEM data point. | OEM written: output/KSROP_20261006T095332.oem         |    2781.75528064284        1579.33257119722       -5609.97606848873
lead_11073_L1.0,decay,2448706.4461474423,3806,5.1,20,1.0,tate saved as the last OEM data point. | OEM written: output/KSROP_20261006T095334.oem         |    2755.47747170509        1613.79543108313       -5613.32494340593
lead_11073_L2.0,decay,2448742.6153109954,4528,14.7,20,1.0,tate saved as the last OEM data point. | OEM written: output/KSROP_20261006T095355.oem         |    2948.48192576667        1237.17256783692       -5610.92088445938
lead_11073_L4.0,decay,2448686.760313102,5764,20.3,20,1.0,tate saved as the last OEM data point. | OEM written: output/KSROP_20261006T095400.oem         |    2819.44404184753        1497.72993771863       -5613.78657000529
full_11073,decay,2448501.0213905326,12505,85.8,20,1.0,tate saved as the last OEM data point. | OEM written: output/KSROP_20261006T095255.oem         |    2964.27459482126        1295.44179801686       -5589.48414879679
mid_7480,decay,2446440.9755913774,3607,5.6,20,1.0,tate saved as the last OEM data point. | OEM written: output/KSROP_20261006T095430.oem         |    5452.20641565607       -2299.49732851677        2586.08343110456
lead_7480_L0.25,decay,2446374.030683588,3156,0.8,20,1.0,tate saved as the last OEM data point. | OEM written: output/KSROP_20261006T095441.oem         |   -2666.05832682527       -2468.56702548206       -5338.95993281528
lead_7480_L0.5,decay,2446572.509145116,3358,8.0,20,1.0,tate saved as the last OEM data point. | OEM written: output/KSROP_20261006T095456.oem         |   -2921.47893079022       -5459.16019630621       -1835.48752475392
lead_7480_L1.0,decay,2446568.773649155,3676,9.5,20,1.0,tate saved as the last OEM data point. | OEM written: output/KSROP_20261006T095502.oem         |   -2798.58282405817        931.465687109906       -5745.04306403941
lead_7480_L2.0,decay,2446410.2152146874,4416,9.8,20,1.0,tate saved as the last OEM data point. | OEM written: output/KSROP_20261006T095525.oem         |   -4334.81829369539       -1240.46362829879       -4622.95077683848
full_7480,decay,2447288.6454692245,11122,63.4,20,1.0,tate saved as the last OEM data point. | OEM written: output/KSROP_20261006T095440.oem         |    3397.29785880054        1168.97851509271       -5366.25179722510
lead_7480_L4.0,decay,2446456.731568796,5865,20.3,20,1.0,tate saved as the last OEM data point. | OEM written: output/KSROP_20261006T095532.oem         |   -3719.35436984678        1075.08806690799       -5168.38069980457
mid_8833,decay,2447908.3346883217,3318,2.2,20,1.0,tate saved as the last OEM data point. | OEM written: output/KSROP_20261006T095555.oem         |    3090.38510736461        350.178896851553       -5659.76897523718
lead_8833_L0.25,decay,2447917.505736875,3159,1.3,20,1.0,tate saved as the last OEM data point. | OEM written: output/KSROP_20261006T095613.oem         |    3089.86256107912        241.478200278168       -5665.78391628393
lead_8833_L0.5,decay,2447908.3346883217,3318,2.3,20,1.0,tate saved as the last OEM data point. | OEM written: output/KSROP_20261006T095617.oem         |    3090.38510736461        350.178896851553       -5659.76897523718
lead_8833_L1.0,decay,2447921.6492420947,3691,4.9,20,1.0,tate saved as the last OEM data point. | OEM written: output/KSROP_20261006T095634.oem         |    3079.61950754129        408.952774637816       -5661.67987218086
lead_8833_L2.0,decay,2447932.585409977,4425,9.5,20,1.0,tate saved as the last OEM data point. | OEM written: output/KSROP_20261006T095640.oem         |    3106.84857944476        274.856149791350       -5654.97505655052
full_8833,decay,2447912.2354111806,12994,61.2,20,1.0,tate saved as the last OEM data point. | OEM written: output/KSROP_20261006T095604.oem         |    3124.10604939229        72.8793261164074       -5651.41090306239
mid_14297,decay,2451070.181398229,3121,3.2,20,1.0,tate saved as the last OEM data point. | OEM written: output/KSROP_20261006T095710.oem         |   -2898.19779127824       -3981.49343686522        4177.70107237902
lead_8833_L4.0,decay,2447924.7166690626,5897,18.3,20,1.0,tate saved as the last OEM data point. | OEM written: output/KSROP_20261006T095700.oem         |    3096.80646778476        395.955071237303       -5653.30746631562
lead_14297_L0.25,decay,2451063.675354248,3119,3.4,20,1.0,tate saved as the last OEM data point. | OEM written: output/KSROP_20261006T095733.oem         |   -3192.14582551621       -3957.42555541556        3981.93349315645
lead_14297_L0.5,decay,2450958.258419039,3296,2.9,20,1.0,tate saved as the last OEM data point. | OEM written: output/KSROP_20261006T095738.oem         |   -4770.62993957004       -4164.45596406224       -1266.93966648393
lead_14297_L1.0,decay,2450939.327733426,3659,5.0,20,1.0,tate saved as the last OEM data point. | OEM written: output/KSROP_20261006T095757.oem         |   -1457.34507407421        2837.98739439842       -5615.09748100530
lead_14297_L2.0,decay,2450942.213811042,4594,10.7,20,1.0,tate saved as the last OEM data point. | OEM written: output/KSROP_20261006T095801.oem         |   -2658.11499174820       -5487.29262127299        2127.47494455611
full_14297,decay,2450895.4501817706,13698,65.8,20,1.0,tate saved as the last OEM data point. | OEM written: output/KSROP_20261006T095726.oem         |    735.707119522206        3785.37006377400       -5180.30030573000
mid_7903,decay,2446824.5474239816,4081,5.7,20,1.0,tate saved as the last OEM data point. | OEM written: output/KSROP_20261006T095832.oem         |   -843.154502776772       -2817.72468102276       -5749.43575319524
lead_14297_L4.0,decay,2450953.632910961,5862,18.8,20,1.0,tate saved as the last OEM data point. | OEM written: output/KSROP_20261006T095822.oem         |   -3195.48197939848       -5358.96831619122        1666.51385679042
lead_7903_L1.0,decay,2446758.7195468056,3714,1.1,20,1.0,tate saved as the last OEM data point. | OEM written: output/KSROP_20261006T095858.oem         |   -1439.42882966039       -2844.21784720920       -5616.43996161847
lead_7903_L2.0,decay,2446795.7035163543,4402,6.7,20,1.0,tate saved as the last OEM data point. | OEM written: output/KSROP_20261006T095902.oem         |   -2187.65852710670       -2511.88323162771       -5532.43396546997
mid_7641,decay,2446218.1251091203,3571,3.7,20,1.0,tate saved as the last OEM data point. | OEM written: output/KSROP_20261006T095929.oem         |   -2455.01067077080       -3155.65621194688       -5071.52596678923
lead_7903_L4.0,decay,2447275.823778009,5870,38.4,20,1.0,tate saved as the last OEM data point. | OEM written: output/KSROP_20261006T095920.oem         |   -1547.98179829496        5246.00783485636       -3433.26829765384
full_7903,decay,2448393.65086559,11945,75.7,20,1.0,tate saved as the last OEM data point. | OEM written: output/KSROP_20261006T095852.oem         |    2849.32757516567        3420.98095558727       -4678.21382692402
lead_7641_L0.25,decay,2446211.966390868,3203,0.6,20,1.0,tate saved as the last OEM data point. | OEM written: output/KSROP_20261006T100019.oem         |   -1953.64206357916       -3119.47515234764       -5306.06781571430
lead_7641_L0.5,decay,2446214.4753126274,3333,1.8,20,1.0,tate saved as the last OEM data point. | OEM written: output/KSROP_20261006T100028.oem         |   -4172.80080137179       -2705.65739609016       -4119.49374768125
full_7641,decay,2446388.996455359,10567,51.4,20,1.0,tate saved as the last OEM data point. | OEM written: output/KSROP_20261006T095953.oem         |   -3067.60582432627        801.025386204113       -5626.25597603915
lead_7641_L1.0,decay,2446333.2111866088,3696,7.6,20,1.0,tate saved as the last OEM data point. | OEM written: output/KSROP_20261006T100040.oem         |   -2722.75530542062       -1371.65998159837       -5692.98005163147
lead_7641_L2.0,decay,2446236.6565731945,4403,8.9,20,1.0,tate saved as the last OEM data point. | OEM written: output/KSROP_20261006T100050.oem         |   -908.543183517706       -2870.92314868639       -5713.09660548959
mid_7653,decay,2446396.9033559607,3457,3.9,20,1.0,tate saved as the last OEM data point. | OEM written: output/KSROP_20261006T100108.oem         |   -1500.72377189512       -2983.78816209896       -5527.33211027459
lead_7641_L4.0,decay,2446232.276388704,5864,17.7,20,1.0,tate saved as the last OEM data point. | OEM written: output/KSROP_20261006T100104.oem         |   -2584.43898648725       -2715.73414577954       -5258.43661478659
lead_7653_L0.25,decay,2446354.607451956,3122,0.8,20,1.0,tate saved as the last OEM data point. | OEM written: output/KSROP_20261006T100132.oem         |   -5790.21995860270        286.882740862573        2845.56450570555
lead_7653_L0.5,decay,2446405.4894750346,3236,2.5,20,1.0,tate saved as the last OEM data point. | OEM written: output/KSROP_20261006T100142.oem         |    1838.85099972205       -2469.25594950771       -5677.03219042199
lead_7653_L1.0,decay,2446381.42383191,3593,4.5,20,1.0,tate saved as the last OEM data point. | OEM written: output/KSROP_20261006T100153.oem         |   -4307.33342873631       -2786.67691871220       -3922.45980060395
full_7653,decay,2446223.530454676,10642,47.1,20,1.0,tate saved as the last OEM data point. | OEM written: output/KSROP_20261006T100119.oem         |   -2775.39144137642       -2670.66349062829       -5183.50437184039
lead_7653_L2.0,decay,2446382.0808848147,4312,8.7,20,1.0,tate saved as the last OEM data point. | OEM written: output/KSROP_20261006T100205.oem         |   -2224.18893041749       -3049.54509637388       -5240.06102391213
mid_8187,decay,2446245.505815104,3802,4.2,20,1.0,tate saved as the last OEM data point. | OEM written: output/KSROP_20261006T100227.oem         |   -3626.79858336136       -2485.51235685523       -4730.10633555145
lead_7653_L4.0,decay,2446389.491260741,5753,17.7,20,1.0,tate saved as the last OEM data point. | OEM written: output/KSROP_20261006T100218.oem         |   -2359.13682862188       -3077.30162625727       -5164.28470190706
lead_8187_L0.25,decay,2446221.9209506596,3423,1.1,20,1.0,tate saved as the last OEM data point. | OEM written: output/KSROP_20261006T100251.oem         |   -2620.88544720096       -2548.83993716119       -5323.43759665751
lead_8187_L0.5,decay,2446221.9209506596,3423,1.2,20,1.0,tate saved as the last OEM data point. | OEM written: output/KSROP_20261006T100256.oem         |   -2620.88544720096       -2548.83993716119       -5323.43759665751
lead_8187_L1.0,decay,2446200.757975602,3673,2.6,20,1.0,tate saved as the last OEM data point. | OEM written: output/KSROP_20261006T100313.oem         |   -3523.31792889598       -2825.21550867480       -4615.91979352947
full_8187,decay,2446192.6539492826,10414,43.7,20,1.0,tate saved as the last OEM data point. | OEM written: output/KSROP_20261006T100234.oem         |   -3379.25465933683       -1470.42499614949       -5303.27212700336
lead_8187_L2.0,decay,2446219.8691227776,4405,7.3,20,1.0,tate saved as the last OEM data point. | OEM written: output/KSROP_20261006T100317.oem         |   -2049.60989046992       -2899.60923217414       -5394.18258130305
mid_9411,decay,2448460.658512465,3305,2.9,20,1.0,tate saved as the last OEM data point. | OEM written: output/KSROP_20261006T100338.oem         |    684.145373530558       -2919.91941008860       -5719.48876495488
lead_8187_L4.0,decay,2446217.664351632,5874,16.3,20,1.0,tate saved as the last OEM data point. | OEM written: output/KSROP_20261006T100336.oem         |   -3330.51364975356       -2511.65811900862       -4930.14049018259
lead_9411_L0.25,decay,2448438.4830154516,3085,1.0,20,1.0,tate saved as the last OEM data point. | OEM written: output/KSROP_20261006T100402.oem         |    997.236809600161       -2837.95700858948       -5714.56897955816
lead_9411_L0.5,decay,2448532.939146412,3242,4.8,20,1.0,tate saved as the last OEM data point. | OEM written: output/KSROP_20261006T100412.oem         |   -6083.13301838713        1304.14745194366       -1731.82470013804
lead_9411_L1.0,decay,2448478.1877111807,3600,5.2,20,1.0,tate saved as the last OEM data point. | OEM written: output/KSROP_20261006T100423.oem         |   -299.365227926568       -3174.97531876466       -5615.81448909795
lead_9411_L2.0,decay,2448453.7052949653,4321,9.4,20,1.0,tate saved as the last OEM data point. | OEM written: output/KSROP_20261006T100438.oem         |    635.761323818929       -2956.34774673364       -5706.33247277169
full_9411,decay,2448461.4084629165,13557,65.9,20,1.0,tate saved as the last OEM data point. | OEM written: output/KSROP_20261006T100345.oem         |    1012.57010843867       -2781.09676930615       -5739.96462711696
mid_9574,decay,2448252.204651377,3290,2.2,20,1.0,tate saved as the last OEM data point. | OEM written: output/KSROP_20261006T100507.oem         |    3036.48144756897       -602.421982271624       -5667.79705640701
lead_9411_L4.0,decay,2448581.105857685,5774,22.4,20,1.0,tate saved as the last OEM data point. | OEM written: output/KSROP_20261006T100448.oem         |   -4624.03231828978        402.392505772743       -4489.70877401708
lead_9574_L0.25,decay,2448275.2868924076,3125,1.3,20,1.0,tate saved as the last OEM data point. | OEM written: output/KSROP_20261006T100530.oem         |    3003.19782345701       -850.940998450857       -5653.69135336039
lead_9574_L0.5,decay,2448260.485148507,3298,2.4,20,1.0,tate saved as the last OEM data point. | OEM written: output/KSROP_20261006T100531.oem         |    3019.60497312070       -778.469226168660       -5655.39003198504
lead_9574_L1.0,decay,2448262.053814572,3671,4.7,20,1.0,tate saved as the last OEM data point. | OEM written: output/KSROP_20261006T100552.oem         |    3024.19639221871       -763.151332520979       -5654.90505495034
lead_9574_L2.0,decay,2448289.0309202084,4402,9.6,20,1.0,tate saved as the last OEM data point. | OEM written: output/KSROP_20261006T100554.oem         |    3016.37601974075       -689.876514714497       -5668.49454600127
full_9574,decay,2448325.289648808,13285,64.0,20,1.0,tate saved as the last OEM data point. | OEM written: output/KSROP_20261006T100511.oem         |    1757.44754715181       -3269.26029125336       -5284.88717030245
mid_10605,decay,2447891.25247331,3682,6.6,20,1.0,tate saved as the last OEM data point. | OEM written: output/KSROP_20261006T100624.oem         |   -3186.46730841740        1445.58671121735       -5427.83098994456
lead_9574_L4.0,decay,2448370.501324294,5862,19.9,20,1.0,tate saved as the last OEM data point. | OEM written: output/KSROP_20261006T100617.oem         |    2168.26480412435       -2171.81188700186       -5682.13231901007
lead_10605_L0.25,decay,2447809.5815147455,3319,0.8,20,1.0,tate saved as the last OEM data point. | OEM written: output/KSROP_20261006T100651.oem         |   -3081.85747283960       -1429.29267553643       -5492.30481057326
lead_10605_L0.5,decay,2448169.2806099537,3371,14.3,20,1.0,tate saved as the last OEM data point. | OEM written: output/KSROP_20261006T100657.oem         |   -3795.89166852056       -5193.94593816039        562.469370819484
lead_10605_L1.0,decay,2447853.776738889,3675,5.2,20,1.0,tate saved as the last OEM data point. | OEM written: output/KSROP_20261006T100712.oem         |   -3948.36259862032        363.793878152931       -5097.05557115388
full_10605,decay,2448572.9006977663,11586,63.2,20,1.0,tate saved as the last OEM data point. | OEM written: output/KSROP_20261006T100635.oem         |    2154.07611468938        2267.36282930855       -5650.23582145136
lead_10605_L2.0,decay,2447822.0336339697,4402,9.9,20,1.0,tate saved as the last OEM data point. | OEM written: output/KSROP_20261006T100732.oem         |    5170.74047425066       -3740.93715834236       -987.849245914454
lead_10605_L4.0,decay,2448030.005455104,5866,24.1,20,1.0,tate saved as the last OEM data point. | OEM written: output/KSROP_20261006T100738.oem         |   -1026.20234404563        2714.48945919939       -5769.37952335807
mid_10802,decay,2447992.8245576387,3553,4.5,20,1.0,tate saved as the last OEM data point. | OEM written: output/KSROP_20261006T100759.oem         |   -4320.51600944680       -287.139049483200       -4790.93358556407
lead_10802_L0.25,decay,2447977.64634169,3306,1.3,20,1.0,tate saved as the last OEM data point. | OEM written: output/KSROP_20261006T100822.oem         |   -3635.52281818373       -915.933326991406       -5258.24979219420
lead_10802_L0.5,decay,2447990.221623125,3258,2.6,20,1.0,tate saved as the last OEM data point. | OEM written: output/KSROP_20261006T100824.oem         |   -3968.04370603445       -507.374108061370       -5069.37881705192
lead_10802_L1.0,decay,2447983.6713036806,3602,5.3,20,1.0,tate saved as the last OEM data point. | OEM written: output/KSROP_20261006T100844.oem         |    5202.91304964856       -3803.41159792568       -410.382770145452
full_10802,decay,2447819.3254586575,11476,53.2,20,1.0,tate saved as the last OEM data point. | OEM written: output/KSROP_20261006T100802.oem         |   -3094.56964118418        1332.03895736444       -5509.61160793140
lead_10802_L2.0,decay,2447985.6603352893,4312,9.5,20,1.0,tate saved as the last OEM data point. | OEM written: output/KSROP_20261006T100847.oem         |   -4209.23870248963       -375.703075937454       -4882.98594357567
mid_11602,decay,2449586.1832975117,3354,2.6,20,1.0,tate saved as the last OEM data point. | OEM written: output/KSROP_20261006T100915.oem         |    3091.06630261394       -65.0143116829722       -5669.92901292036
lead_10802_L4.0,decay,2448020.663524641,5778,18.8,20,1.0,tate saved as the last OEM data point. | OEM written: output/KSROP_20261006T100909.oem         |    5732.92692559145       -2870.38094146968        771.794721449978
lead_11602_L0.25,decay,2449576.116848368,3081,0.6,20,1.0,tate saved as the last OEM data point. | OEM written: output/KSROP_20261006T100938.oem         |    3095.22474763395        5.31954446566033       -5667.88839584484
lead_11602_L0.5,decay,2449596.38610897,3242,2.0,20,1.0,tate saved as the last OEM data point. | OEM written: output/KSROP_20261006T100948.oem         |    3087.67277360819       -83.5181095584771       -5671.42670525821
lead_11602_L1.0,decay,2449590.802256389,3606,4.1,20,1.0,tate saved as the last OEM data point. | OEM written: output/KSROP_20261006T100959.oem         |    3091.41948566513       -17.6223603906456       -5670.11506338385
lead_11602_L2.0,decay,2449582.5552208563,4319,8.7,20,1.0,tate saved as the last OEM data point. | OEM written: output/KSROP_20261006T101011.oem         |    3090.59976235404       -78.5937588735703       -5669.87228434591
full_11602,decay,2449507.8601523032,13620,64.9,20,1.0,tate saved as the last OEM data point. | OEM written: output/KSROP_20261006T100917.oem         |    3048.36014695280       -364.075270744229       -5681.63539157210
lead_11602_L4.0,decay,2449607.3882563426,5754,17.4,20,1.0,tate saved as the last OEM data point. | OEM written: output/KSROP_20261006T101024.oem         |    3044.28421656630       -470.158930891614       -5676.00923098819
mid_13107,decay,2448751.383666192,3467,3.1,20,1.0,tate saved as the last OEM data point. | OEM written: output/KSROP_20261006T101040.oem         |   -2845.78463646297       -2538.11716057791       -5211.90587200463
lead_13107_L0.25,decay,2448749.247295625,3196,0.9,20,1.0,tate saved as the last OEM data point. | OEM written: output/KSROP_20261006T101101.oem         |    3338.08953597618        2365.57353921457        4996.34321799634
lead_13107_L0.5,decay,2448879.3094245023,3321,5.9,20,1.0,tate saved as the last OEM data point. | OEM written: output/KSROP_20261006T101103.oem         |    3664.22841097307       -4997.23338851007        1818.22648981020
lead_13107_L1.0,decay,2448784.991492257,3673,5.0,20,1.0,tate saved as the last OEM data point. | OEM written: output/KSROP_20261006T101123.oem         |    5734.39481435754        304.286769776300        2954.01555903447
full_13107,decay,2448910.04600544,10432,52.5,20,1.0,tate saved as the last OEM data point. | OEM written: output/KSROP_20261006T101042.oem         |   -3230.77122202495        2509.07100349915       -4996.82533667790
lead_13107_L2.0,decay,2448761.8019317826,4407,10.0,20,1.0,tate saved as the last OEM data point. | OEM written: output/KSROP_20261006T101129.oem         |   -3256.45479634888       -2294.71689179593       -5082.48145331087
mid_15030,decay,2451437.2004477545,3303,2.2,20,1.0,tate saved as the last OEM data point. | OEM written: output/KSROP_20261006T101155.oem         |    4053.85433398524        1060.79988254322       -4914.09346593120
lead_13107_L4.0,decay,2448794.494263634,5869,19.9,20,1.0,tate saved as the last OEM data point. | OEM written: output/KSROP_20261006T101148.oem         |    5993.27865419890       -591.174758356943        2330.75138995491
lead_15030_L0.25,decay,2451436.3970389813,3175,1.2,20,1.0,tate saved as the last OEM data point. | OEM written: output/KSROP_20261006T101217.oem         |    3868.35158455693        1233.19231011597       -5022.16363281394
lead_15030_L0.5,decay,2451432.5395470485,3359,2.4,20,1.0,tate saved as the last OEM data point. | OEM written: output/KSROP_20261006T101228.oem         |    3617.05852523093        1364.16595854677       -5173.12460611062
lead_15030_L1.0,decay,2451439.3792814813,3723,4.7,20,1.0,tate saved as the last OEM data point. | OEM written: output/KSROP_20261006T101239.oem         |    3782.07656930723        1327.06777435372       -5063.58943103736
lead_15030_L2.0,decay,2451438.1830527894,4483,9.5,20,1.0,tate saved as the last OEM data point. | OEM written: output/KSROP_20261006T101251.oem         |    3807.87938852972        1224.80303639233       -5070.24722939974
full_15030,decay,2451606.506304456,14359,73.5,20,1.0,tate saved as the last OEM data point. | OEM written: output/KSROP_20261006T101200.oem         |    3804.09855741342       -953.982106630847       -5130.84799260876
lead_15030_L4.0,decay,2451423.775640185,5955,18.2,20,1.0,tate saved as the last OEM data point. | OEM written: output/KSROP_20261006T101304.oem         |    3819.46997244571        1090.66977620739       -5091.94944396903
pool_39615_L0.5,decay,2458015.1217363887,14948,13.1,20,1.0,tate saved as the last OEM data point. | OEM written: output/KSROP_20261006T101321.oem         |    4285.31247402696        1993.17563361199        4400.93801621272
pool_39615_L1.0,decay,2458128.6007572105,13089,30.4,20,1.0,tate saved as the last OEM data point. | OEM written: output/KSROP_20261006T101334.oem         |   -2899.11618424467       -3288.93024268078       -4741.72877592337
pool_37819_L1.0,decay,2456398.0887931366,14155,15.3,20,1.0,tate saved as the last OEM data point. | OEM written: output/KSROP_20261006T101354.oem         |    2180.91692906009        2602.65389267470        5493.28787729879
pool_11550_L0.5,decay,2460780.2549345833,3312,3.4,20,1.0,tate saved as the last OEM data point. | OEM written: output/KSROP_20261006T101424.oem         |    3389.46108016700        1129.17930921658        5379.81390413149
pool_39615_L2.0,no_decay,,8436,53.0,20,1.0,====================================== | OEM written: output/KSROP_20261006T101342.oem         |   -4268.90290017045        5145.77193058765       -7180.62893133922
pool_11550_L1.0,decay,2460774.58483309,3638,7.0,20,1.0,tate saved as the last OEM data point. | OEM written: output/KSROP_20261006T101430.oem         |   -3026.86538260162        4777.82499864336       -3117.26828218235
pool_11550_L2.0,decay,2460777.4297055905,4361,9.6,20,1.0,tate saved as the last OEM data point. | OEM written: output/KSROP_20261006T101448.oem         |    3846.31269509220        770.816827896230        5129.54889778492
pool_35009_L0.5,decay,2459080.98989669,3858,3.0,20,1.0,tate saved as the last OEM data point. | OEM written: output/KSROP_20261006T101456.oem         |    3487.21197371852        695.189840221627       -5390.72841540773
pool_35009_L1.0,decay,2459075.2283241204,4286,5.4,20,1.0,tate saved as the last OEM data point. | OEM written: output/KSROP_20261006T101457.oem         |    3319.04732850913        884.164262814923       -5468.70511287070
pool_48259_L0.5,decay,2461228.215298947,3355,3.7,20,1.0,tate saved as the last OEM data point. | OEM written: output/KSROP_20261006T101519.oem         |   -6259.84606138629       -738.220376578459        1405.42106764308
pool_48259_L1.0,decay,2461249.1434530322,3724,6.0,20,1.0,tate saved as the last OEM data point. | OEM written: output/KSROP_20261006T101523.oem         |   -6029.04832207883       -835.277740801585        2158.45631506347
pool_35009_L2.0,decay,2459078.636386852,5143,17.3,20,1.0,tate saved as the last OEM data point. | OEM written: output/KSROP_20261006T101518.oem         |    3618.42075843434        414.772022214196       -5332.83136171573
pool_48259_L2.0,decay,2461218.064917303,4468,13.4,20,1.0,tate saved as the last OEM data point. | OEM written: output/KSROP_20261006T101544.oem         |   -6035.31519515139       -1299.41207053242        1894.78021368230
pool_27906_L0.5,no_decay,,3378,45.6,20,1.0,====================================== | OEM written: output/KSROP_20261006T101550.oem         |    6925.99345386489        5172.99911909590        4410.51874455939
pool_27906_L1.0,no_decay,,3747,52.4,20,1.0,====================================== | OEM written: output/KSROP_20261006T101556.oem         |    6942.16732057831        5566.64713414592        4541.91970376594
pool_27882_L0.5,decay,2458687.623785347,3337,6.0,20,1.0,tate saved as the last OEM data point. | OEM written: output/KSROP_20261006T101656.oem         |    2978.49651741196       -3159.86882997770        4780.21102537462
pool_27882_L1.0,decay,2458591.080673368,3616,5.1,20,1.0,tate saved as the last OEM data point. | OEM written: output/KSROP_20261006T101709.oem         |    4935.59924741845        514.445534315998        4132.95427823473
pool_27906_L2.0,no_decay,,4495,71.6,20,1.0,====================================== | OEM written: output/KSROP_20261006T101617.oem         |    6652.13920345379        6292.60672962396        5540.78360946612
pool_27882_L2.0,decay,2458677.338035046,4336,22.8,20,1.0,tate saved as the last OEM data point. | OEM written: output/KSROP_20261006T101722.oem         |    3312.64529982512       -3289.53736027914        4462.19881891278
pool_45349_L1.0,decay,2460637.933426574,8294,79.3,20,1.0,tate saved as the last OEM data point. | OEM written: output/KSROP_20261006T101750.oem         |   -4735.85099920741       -1676.30184050162        4058.02128289574
pool_45349_L2.0,decay,2460565.5852235183,9220,101.8,20,1.0,tate saved as the last OEM data point. | OEM written: output/KSROP_20261006T101806.oem         |    1801.53782391191       -2201.86048919266        5797.42948402798
pool_45349_L0.5,no_decay,,10560,173.5,20,1.0,====================================== | OEM written: output/KSROP_20261006T101735.oem         |    6186.77045195484       -9737.57392646479        12518.4002553988
pool_21935_L0.5,no_decay,,11733,192.3,20,1.0,====================================== | OEM written: output/KSROP_20261006T101930.oem         |   -7995.51880998324        9739.12748635067       -3404.21110121895
pool_48264_L0.5,decay,2460805.0609996296,3325,2.9,20,1.0,tate saved as the last OEM data point. | OEM written: output/KSROP_20261006T102303.oem         |    440.173027831813        4422.91237945700        4684.91728664772
pool_21935_L1.0,no_decay,,12416,201.9,20,1.0,====================================== | OEM written: output/KSROP_20261006T102008.oem         |   -10505.4503584802       -10004.7588055921       -7409.14955949663
pool_48264_L1.0,decay,2460810.0741763194,3678,5.6,20,1.0,tate saved as the last OEM data point. | OEM written: output/KSROP_20261006T102326.oem         |    568.304466840976        4533.40892400499        4563.76065329817
pool_29202_L1.0,decay,2460661.2962746527,4439,4.0,20,1.0,tate saved as the last OEM data point. | OEM written: output/KSROP_20261006T102352.oem         |   -148.911464552671       -4546.31322775819        4584.26297391595
pool_48264_L2.0,decay,2460821.2799440627,4414,14.3,20,1.0,tate saved as the last OEM data point. | OEM written: output/KSROP_20261006T102351.oem         |    626.910642283331        4461.60399380702        4626.16111272718
pool_29202_L2.0,decay,2460668.5922109955,4414,7.9,20,1.0,tate saved as the last OEM data point. | OEM written: output/KSROP_20261006T102417.oem         |    821.574291043527       -4505.28264259611        4553.50741347074
pool_21935_L2.0,no_decay,,13194,218.8,20,1.0,====================================== | OEM written: output/KSROP_20261006T102049.oem         |   -7341.49047446671       -1345.59480207354        1959.99799757720
pool_48090_L0.5,decay,2460766.712147361,3389,2.2,20,1.0,tate saved as the last OEM data point. | OEM written: output/KSROP_20261006T102425.oem         |    1329.09032101715        3924.30467375307        4953.85610454896
pool_27902_L0.5,decay,2460852.003224641,3319,2.6,20,1.0,tate saved as the last OEM data point. | OEM written: output/KSROP_20261006T102448.oem         |   -949.916305401151        4566.39449447287        4466.79954656106
pool_48090_L1.0,decay,2460769.355867824,3661,5.5,20,1.0,tate saved as the last OEM data point. | OEM written: output/KSROP_20261006T102445.oem         |    2008.67017842894        3643.20396151408        4939.61599202257
pool_48090_L2.0,decay,2460794.7397559723,4405,13.1,20,1.0,tate saved as the last OEM data point. | OEM written: output/KSROP_20261006T102448.oem         |    1665.02506511651        4037.75809053088        4756.64864135210
pool_27902_L1.0,decay,2460851.1269461345,3677,4.9,20,1.0,tate saved as the last OEM data point. | OEM written: output/KSROP_20261006T102511.oem         |   -948.121412263208        4623.04493330275        4408.00878244591
pool_27901_L0.5,decay,2460930.080738403,3318,4.7,20,1.0,tate saved as the last OEM data point. | OEM written: output/KSROP_20261006T102522.oem         |   -5848.76572621705       -2652.09914936654       -681.407792117783
pool_27902_L2.0,decay,2460917.506343403,4410,17.4,20,1.0,tate saved as the last OEM data point. | OEM written: output/KSROP_20261006T102511.oem         |    1277.57928583735        4375.02752087287        4575.34614530297
pool_27901_L1.0,decay,2460873.796169051,3674,5.4,20,1.0,tate saved as the last OEM data point. | OEM written: output/KSROP_20261006T102537.oem         |   -3184.91321963973       -5332.46932404809       -1768.61481500831
pool_18983_L0.5,decay,2452282.1723419675,3239,2.6,20,1.0,tate saved as the last OEM data point. | OEM written: output/KSROP_20261006T102549.oem         |    2998.36607039271        1009.45542158412       -5629.90623576339
pool_27901_L2.0,decay,2460927.1598522454,4408,19.1,20,1.0,tate saved as the last OEM data point. | OEM written: output/KSROP_20261006T102547.oem         |    5685.75396388580        3021.08521965717        502.025226516811
pool_18983_L1.0,decay,2452282.75403272,3597,5.3,20,1.0,tate saved as the last OEM data point. | OEM written: output/KSROP_20261006T102603.oem         |    3034.29562672378        912.486268834898       -5627.36685809820
pool_18983_L2.0,decay,2452288.1353884027,4315,15.7,20,1.0,tate saved as the last OEM data point. | OEM written: output/KSROP_20261006T102612.oem         |    2875.37426366132        1162.14288311912       -5664.70419090807
pool_832_L0.5,decay,2445525.5370189585,1796,1.2,20,1.0,tate saved as the last OEM data point. | OEM written: output/KSROP_20261006T102627.oem         |   -4128.52431302577       -2684.42910689695        4177.93631964044
pool_832_L1.0,decay,2445514.101086389,1995,2.5,20,1.0,tate saved as the last OEM data point. | OEM written: output/KSROP_20261006T102628.oem         |   -4045.61854044957       -2642.56319663860        4284.10974889583
pool_13112_L0.5,decay,2448905.8502959027,3252,2.4,20,1.0,tate saved as the last OEM data point. | OEM written: output/KSROP_20261006T102649.oem         |   -3342.01696537560       -2086.83338139680       -5116.47198163954
pool_832_L2.0,decay,2445506.299634884,2394,5.1,20,1.0,tate saved as the last OEM data point. | OEM written: output/KSROP_20261006T102649.oem         |   -4159.91160902374       -2654.02949646229        4166.33198474319
pool_13112_L1.0,decay,2448900.2728573494,3593,4.9,20,1.0,tate saved as the last OEM data point. | OEM written: output/KSROP_20261006T102652.oem         |    5537.96795884539       -2001.67957845360       -2651.51870044599
pool_2924_L0.5,decay,2443517.365263669,2023,1.2,20,1.0,tate saved as the last OEM data point. | OEM written: output/KSROP_20261006T102714.oem         |    4134.46627138082        4292.23672330569       -2487.69336703772
pool_2924_L1.0,decay,2443502.0419096528,2247,2.4,20,1.0,tate saved as the last OEM data point. | OEM written: output/KSROP_20261006T102717.oem         |    3977.92633259367        4224.43508901887       -2835.05812732551
pool_13112_L2.0,decay,2448897.816145914,4311,13.9,20,1.0,tate saved as the last OEM data point. | OEM written: output/KSROP_20261006T102712.oem         |   -3718.65903583494       -1771.73288171700       -4973.61142480833
pool_2924_L2.0,decay,2443500.929140347,2696,5.2,20,1.0,tate saved as the last OEM data point. | OEM written: output/KSROP_20261006T102736.oem         |    4012.89313316223        4320.47780079769       -2633.17415835913
pool_8529_L0.5,decay,2446608.45665309,3246,1.4,20,1.0,tate saved as the last OEM data point. | OEM written: output/KSROP_20261006T102740.oem         |   -318.037483964928       -3321.05671176955       -5529.32116331091
pool_8529_L1.0,decay,2446742.5476898034,3598,6.0,20,1.0,tate saved as the last OEM data point. | OEM written: output/KSROP_20261006T102746.oem         |   -1441.73662292907       -3065.71587917030       -5497.79429926054
pool_2805_L0.5,decay,2443564.8256826736,2019,2.6,20,1.0,tate saved as the last OEM data point. | OEM written: output/KSROP_20261006T102802.oem         |   -5356.30407971237       -3036.11552716417        1948.70625449518
pool_2805_L1.0,decay,2443543.953676227,2243,3.7,20,1.0,tate saved as the last OEM data point. | OEM written: output/KSROP_20261006T102812.oem         |    5751.94540294354        2785.72605068179       -928.450973561520
pool_8529_L2.0,decay,2446787.207502766,4318,18.0,20,1.0,tate saved as the last OEM data point. | OEM written: output/KSROP_20261006T102802.oem         |   -906.056843108846       -3112.23823110873       -5585.52670793151
pool_2805_L2.0,decay,2443604.773709074,2691,7.8,20,1.0,tate saved as the last OEM data point. | OEM written: output/KSROP_20261006T102825.oem         |    3534.21428736491        4365.62271868121       -3186.88288746082
pool_830_L0.5,decay,2445610.9163075928,1803,1.4,20,1.0,tate saved as the last OEM data point. | OEM written: output/KSROP_20261006T102837.oem         |   -4162.82343291274       -2698.60085992620        4134.68292210787
pool_830_L1.0,decay,2445599.507163472,2004,2.6,20,1.0,tate saved as the last OEM data point. | OEM written: output/KSROP_20261006T102840.oem         |   -4158.94092740253       -2743.86810547875        4108.39794262436
pool_830_L2.0,decay,2445590.7630666206,2404,5.5,20,1.0,tate saved as the last OEM data point. | OEM written: output/KSROP_20261006T102853.oem         |   -4214.04353226963       -2766.67824872681        4036.52381881706
pool_7352_L0.5,decay,2448114.260831898,3300,3.8,20,1.0,tate saved as the last OEM data point. | OEM written: output/KSROP_20261006T102859.oem         |   -2087.97398318324       -3687.57421011436        4872.84628899541
pool_7352_L1.0,decay,2448128.840103912,3670,5.8,20,1.0,tate saved as the last OEM data point. | OEM written: output/KSROP_20261006T102903.oem         |    3804.45251485611        3579.64179559136       -3797.21466195906
pool_3138_L1.0,decay,2455748.299837361,703,1.0,20,1.0,tate saved as the last OEM data point. | OEM written: output/KSROP_20261006T102923.oem         |   -4130.27367991992        1521.14746804749        4698.71478828774
pool_3138_L2.0,diverged,2455750.0162648265,844,1.9,20,1.0,saved as the last OEM data point. | OEM written: output/KSROP_20261006T102930.oem         |                      NaN                     NaN                     NaN
pool_7352_L2.0,decay,2448107.160861366,4400,17.1,20,1.0,tate saved as the last OEM data point. | OEM written: output/KSROP_20261006T102919.oem         |   -2143.03595048496       -3757.58924402744        4794.89983195769
pool_879_L0.5,decay,2459229.248590382,623,0.9,20,1.0,tate saved as the last OEM data point. | OEM written: output/KSROP_20261006T102945.oem         |   -4366.70963530951        4413.72409076852       -1725.37790886261
pool_879_L1.0,decay,2459202.66978272,691,1.3,20,1.0,tate saved as the last OEM data point. | OEM written: output/KSROP_20261006T102952.oem         |   -4283.82596915139        4422.65537988669       -1893.43551657741
pool_879_L2.0,diverged,2459214.2363815163,829,2.2,20,1.0,saved as the last OEM data point. | OEM written: output/KSROP_20261006T102957.oem         |                      NaN                     NaN                     NaN
pool_26463_L0.5,decay,2460956.631525671,707,0.6,20,1.0,tate saved as the last OEM data point. | OEM written: output/KSROP_20261006T103006.oem         |   -4599.50117603059        3483.42522007586       -2845.85413322188
pool_26463_L1.0,decay,2460972.9671002664,785,1.1,20,1.0,tate saved as the last OEM data point. | OEM written: output/KSROP_20261006T103014.oem         |   -4430.81610308671        3879.47033344152       -2640.76850666681
pool_26463_L2.0,diverged,2460986.944599213,971,2.2,20,1.0,saved as the last OEM data point. | OEM written: output/KSROP_20261006T103020.oem         |                      NaN                     NaN                     NaN
pool_42908_L0.5,decay,2461163.2065923843,3915,3.5,20,1.0,tate saved as the last OEM data point. | OEM written: output/KSROP_20261006T103027.oem         |    3218.11062294609        2910.32669362425       -4783.28112721789
pool_42908_L1.0,decay,2461156.168058669,4346,6.2,20,1.0,tate saved as the last OEM data point. | OEM written: output/KSROP_20261006T103035.oem         |    5394.55993069269       -3392.05165188487       -1048.56131183594
pool_3145_L2.0,diverged,2455597.657636088,851,1.9,20,1.0,saved as the last OEM data point. | OEM written: output/KSROP_20261006T103051.oem         |                      NaN                     NaN                     NaN
pool_42908_L2.0,decay,2461152.8803610187,5209,17.8,20,1.0,tate saved as the last OEM data point. | OEM written: output/KSROP_20261006T103043.oem         |   -2722.10753575269       -3363.72553972839        4793.99456912626
pool_9892_L0.5,no_decay,,3300,20.5,20,1.0,====================================== | OEM written: output/KSROP_20261006T103102.oem         |    35608.6999731031       -19557.3180107321       -6481.61816391545
pool_9892_L1.0,no_decay,,3670,22.9,20,1.0,====================================== | OEM written: output/KSROP_20261006T103113.oem         |    35990.4365156972       -19214.1688555363       -10528.4394092412
pool_20352_L0.5,decay,2451357.3242445025,403,0.4,20,1.0,tate saved as the last OEM data point. | OEM written: output/KSROP_20261006T103143.oem         |    2784.40521141023       -5575.85535350666        1569.35185712203
pool_9892_L2.0,no_decay,,4396,28.8,20,1.0,====================================== | OEM written: output/KSROP_20261006T103121.oem         |    36266.5466177712       -20143.8716930256       -13445.1909547916
pool_20352_L1.0,decay,2451357.486752338,447,0.6,20,1.0,tate saved as the last OEM data point. | OEM written: output/KSROP_20261006T103157.oem         |    2139.55231039871       -5991.37802793105        824.185407332251
pool_20352_L2.0,decay,2451838.6241550692,536,1.9,20,1.0,tate saved as the last OEM data point. | OEM written: output/KSROP_20261006T103204.oem         |    2375.44889487320       -5855.46908769362        1200.22189421661
pool_4336_L0.5,decay,2442742.6385045485,3298,3.3,20,1.0,tate saved as the last OEM data point. | OEM written: output/KSROP_20261006T103210.oem         |    3553.63329180309       -1481.95540032926       -5184.85494856290
pool_4336_L1.0,decay,2442715.855090787,3666,5.4,20,1.0,tate saved as the last OEM data point. | OEM written: output/KSROP_20261006T103218.oem         |   -2558.72119462280        5753.00818211643       -1434.61305545178
pool_4779_L0.5,decay,2442751.4794835993,3300,2.7,20,1.0,tate saved as the last OEM data point. | OEM written: output/KSROP_20261006T103234.oem         |   -479.739481133477       -3977.80776498768       -5064.65414285062
pool_4336_L2.0,decay,2442690.2073730207,4397,14.2,20,1.0,tate saved as the last OEM data point. | OEM written: output/KSROP_20261006T103226.oem         |   -1451.01037172854        5238.09818696787       -3487.16064262374
pool_4779_L1.0,decay,2442745.3154003937,3663,5.3,20,1.0,tate saved as the last OEM data point. | OEM written: output/KSROP_20261006T103244.oem         |   -336.312169988463       -3761.28667030755       -5238.96132736373
pool_5367_L0.5,decay,2443406.610758588,3299,4.9,20,1.0,tate saved as the last OEM data point. | OEM written: output/KSROP_20261006T103301.oem         |    282.023427753467        3343.48925454252        5517.43489277642
pool_4779_L2.0,decay,2442752.988083368,4398,16.3,20,1.0,tate saved as the last OEM data point. | OEM written: output/KSROP_20261006T103257.oem         |   -251.962752257104       -3843.21028652022       -5183.74845746233
pool_5367_L1.0,decay,2443406.4475132637,3665,6.6,20,1.0,tate saved as the last OEM data point. | OEM written: output/KSROP_20261006T103309.oem         |    5342.78360963430        2267.86816533737       -2831.29463666000
pool_6208_L0.5,decay,2443587.836225926,3300,4.9,20,1.0,tate saved as the last OEM data point. | OEM written: output/KSROP_20261006T103334.oem         |    5606.22872269196        899.491949955809       -3076.85407607093
pool_6208_L1.0,decay,2443599.9894465855,3664,7.1,20,1.0,tate saved as the last OEM data point. | OEM written: output/KSROP_20261006T103336.oem         |    5478.26585870797        523.616771361050       -3378.80950844703
pool_5367_L2.0,decay,2443355.664187153,4398,17.4,20,1.0,tate saved as the last OEM data point. | OEM written: output/KSROP_20261006T103326.oem         |    272.276942820567       -3712.49286108441       -5277.36242452860
pool_6231_L0.5,decay,2443462.649358125,3300,3.0,20,1.0,tate saved as the last OEM data point. | OEM written: output/KSROP_20261006T103404.oem         |    3244.10302896090        2422.88430344473       -5030.89123055326
pool_6231_L1.0,decay,2443455.932560243,3665,5.4,20,1.0,tate saved as the last OEM data point. | OEM written: output/KSROP_20261006T103404.oem         |    3170.75202834268        2363.37769232355       -5105.06233634228
pool_6208_L2.0,decay,2443578.4896654976,4396,17.4,20,1.0,tate saved as the last OEM data point. | OEM written: output/KSROP_20261006T103359.oem         |    5540.32069324925        3119.64112575724        1129.93046352844
pool_6418_L0.5,decay,2443873.381056134,3301,2.8,20,1.0,tate saved as the last OEM data point. | OEM written: output/KSROP_20261006T103430.oem         |    1694.03539147012       -2777.87292964660       -5578.60942105938
pool_6418_L1.0,decay,2443891.545425683,3663,5.3,20,1.0,tate saved as the last OEM data point. | OEM written: output/KSROP_20261006T103437.oem         |   -566.599357936682       -5478.80205703031       -3371.53994987673
pool_6231_L2.0,decay,2443452.763818611,4399,15.2,20,1.0,tate saved as the last OEM data point. | OEM written: output/KSROP_20261006T103427.oem         |    2967.10947577811        2411.55692269098       -5204.52327083704
pool_6877_L0.5,decay,2445522.486983715,3239,3.1,20,1.0,tate saved as the last OEM data point. | OEM written: output/KSROP_20261006T103503.oem         |   -292.599727439873       -2925.01447047090       -5750.31348637503
pool_6418_L2.0,decay,2443891.404928785,4396,13.7,20,1.0,tate saved as the last OEM data point. | OEM written: output/KSROP_20261006T103454.oem         |    1106.88226459859       -3684.31337510145       -5187.22663803374
pool_6877_L1.0,decay,2445507.099973808,3591,5.2,20,1.0,tate saved as the last OEM data point. | OEM written: output/KSROP_20261006T103503.oem         |   -1270.36829544193       -3210.06902332457       -5457.70394217789
pool_10370_L0.5,decay,2458491.9852213887,418,0.4,20,1.0,tate saved as the last OEM data point. | OEM written: output/KSROP_20261006T103528.oem         |   -2538.50865011949        4659.57738959420       -3653.25954465775
pool_10370_L1.0,decay,2458476.145580926,464,0.6,20,1.0,tate saved as the last OEM data point. | OEM written: output/KSROP_20261006T103529.oem         |   -2525.16290007249        4595.88661052199       -3728.69632774230
pool_6877_L2.0,decay,2445485.47578206,4309,11.5,20,1.0,tate saved as the last OEM data point. | OEM written: output/KSROP_20261006T103527.oem         |   -1407.26289856956       -3402.37383946615       -5305.68367306451
pool_10370_L2.0,decay,2458475.9500045716,557,1.2,20,1.0,tate saved as the last OEM data point. | OEM written: output/KSROP_20261006T103549.oem         |   -2416.12722384882        4442.15113694464       -3949.71676712130
pool_18111_L0.5,decay,2447859.024661771,3989,2.7,20,1.0,tate saved as the last OEM data point. | OEM written: output/KSROP_20261006T103550.oem         |   -6027.59590918592        2277.39508867449        433.430500808003
pool_18111_L1.0,decay,2447853.631389352,4272,6.6,20,1.0,tate saved as the last OEM data point. | OEM written: output/KSROP_20261006T103558.oem         |   -686.315425513726        4493.37970313065       -4587.54552393723
pool_27542_L0.5,decay,2455521.9655861803,608,0.6,20,1.0,tate saved as the last OEM data point. | OEM written: output/KSROP_20261006T103613.oem         |   -3403.45964480440        872.614242369306       -5415.49869694768
pool_18111_L2.0,decay,2447853.009488646,5109,15.3,20,1.0,tate saved as the last OEM data point. | OEM written: output/KSROP_20261006T103610.oem         |   -1723.14206269221        4525.93057171360       -4272.42429249387
pool_27542_L1.0,decay,2455502.159664977,676,0.9,20,1.0,tate saved as the last OEM data point. | OEM written: output/KSROP_20261006T103626.oem         |   -3437.87054820862        917.130253889664       -5358.18019678751
pool_27542_L2.0,decay,2455490.5437565395,810,1.9,20,1.0,tate saved as the last OEM data point. | OEM written: output/KSROP_20261006T103634.oem         |   -3135.12583405310        849.919169947957       -5558.23917471798
pool_27963_L0.5,no_decay,,7575,123.6,20,1.0,====================================== | OEM written: output/KSROP_20261006T103646.oem         |   -1415.88896102961        4709.25430157322        10344.9951856459
pool_27963_L1.0,no_decay,,7800,126.8,20,1.0,====================================== | OEM written: output/KSROP_20261006T103647.oem         |   -4459.42660165926       -1260.20308418134        9744.39299629510
