case,family,norad,lead_yr,jd0,a,e,inc,raan,argp,M,B_km2_kg,BN_kg_m2,B_src,years_cap,real_decay_jd,sec_decay_jd,sec_err_d,real_horizon_d
mid_8844,mid,8844,,2446491.80775196,26938.5108617521,0.7514221,64.0267,8.592695901453041,248.32417272250717,21.5829,1.7942232039018865e-08,55.734425785225945,discos,15.0,2448016.5,2447981.6077517644,-34.89224823564291,1524.692248039879
full_8844,full,8844,,2442914.86525963,26943.380384169788,0.7404212,62.9511,81.58995830734716,288.1616635513341,9.3069,1.7942232039018865e-08,55.734425785225945,discos,30.0,2448016.5,2447870.8652594346,-145.63474056543782,5101.63474036986
lead_8844_L0.25,lead,8844,0.25,2447921.71633478,26647.149357491162,0.7556598,61.9396,134.7536900586787,261.22786362157007,15.5972,1.7942232039018865e-08,55.734425785225945,discos,20.0,2448016.5,2447953.8876969097,-62.612303090281785,94.78366521978751
lead_8844_L0.5,lead,8844,0.5,2447833.04428045,26850.40170550711,0.7529123,61.9593,151.21679209811384,259.7023002879285,16.0995,1.7942232039018865e-08,55.734425785225945,discos,20.0,2448016.5,2447958.8368136217,-57.663186378311366,183.4557195501402
lead_8844_L1.0,lead,8844,1.0,2447648.92657165,26875.6081531038,0.7462981,61.9631,181.10808765637086,257.3386378661835,17.6329,1.7942232039018865e-08,55.734425785225945,discos,20.0,2448016.5,2447962.6265714546,-53.87342854542658,367.5734283500351
lead_8844_L2.0,lead,8844,2.0,2447284.99786734,26880.638422935852,0.7446066,62.0895,235.7786132345529,253.35045454655165,19.7295,1.7942232039018865e-08,55.734425785225945,discos,20.0,2448016.5,2447957.9978671465,-58.502132853493094,731.502132659778
lead_8844_L4.0,lead,8844,4.0,2446550.87733072,26936.7445125325,0.7526198,63.8748,358.96877741006006,248.16190000183911,21.4534,1.7942232039018865e-08,55.734425785225945,discos,20.0,2448016.5,2447980.477330524,-36.02266947599128,1465.622669280041
mid_9269,mid,9269,,2446737.70683672,26064.747914720247,0.7431387,63.9707,38.21770502969304,257.0404636168896,18.1638,1.7942232039018865e-08,55.734425785225945,discos,15.0,2448555.5,2448476.2068365086,-79.293163491413,1817.7931632800028
full_9269,full,9269,,2442998.25414872,26077.08116274279,0.7341575,62.929,199.27215657915565,280.26104548172157,11.2524,1.7942232039018865e-08,55.734425785225945,discos,30.0,2448555.5,2448187.9041481577,-367.595851842314,5557.245851280168
lead_9269_L0.25,lead,9269,0.25,2448459.02889551,25663.926190582533,0.7441736,62.5476,105.81668624791895,264.3123363628922,15.2236,1.7942232039018865e-08,55.734425785225945,discos,20.0,2448555.5,2448535.9788953005,-19.521104699466377,96.47110449010506
lead_9269_L0.5,lead,9269,0.5,2448369.4338641,25703.830879748344,0.7398809,62.5725,122.23886147592515,263.40431817895677,15.929,1.7942232039018865e-08,55.734425785225945,discos,20.0,2448555.5,2448537.3838638905,-18.11613610945642,186.0661359000951
lead_9269_L1.0,lead,9269,1.0,2448189.4074628,25721.02761514963,0.7322054,62.5906,152.70070199801,262.09737272911934,17.1103,1.7942232039018865e-08,55.734425785225945,discos,20.0,2448555.5,2448534.6806063075,-20.819393692538142,366.09253720007837
lead_9269_L2.0,lead,9269,2.0,2447822.58517083,25722.67289898192,0.7275132,62.6185,210.5718628628737,260.3798181834937,18.3175,1.7942232039018865e-08,55.734425785225945,discos,20.0,2448555.5,2448535.3851706213,-20.11482937866822,732.9148291698657
lead_9269_L4.0,lead,9269,4.0,2447093.79287109,25915.33088089854,0.7465942,63.4674,334.4280570884895,256.6318909109442,17.9451,1.7942232039018865e-08,55.734425785225945,discos,20.0,2448555.5,2448533.809318052,-21.690681947860867,1461.7071289098822
mid_11073,mid,11073,,2447410.63493146,26920.955627738775,0.7506509,64.2289,18.455226934720603,245.91103653383578,23.1844,1.7942232039018865e-08,55.734425785225945,discos,15.0,2448728.5,2448708.8849311797,-19.61506882030517,1317.865068539977
full_11073,full,11073,,2443825.82059546,26927.051484649033,0.7423661,63.3432,68.99151313564629,288.7765364364537,9.1625,1.7942232039018865e-08,55.734425785225945,discos,30.0,2448728.5,2448048.6205930132,-679.8794069867581,4902.679404539987
lead_11073_L0.25,lead,11073,0.25,2448636.1646026,25644.35431278487,0.7452658,61.7998,159.1531344816332,257.9269915175248,17.4133,1.7942232039018865e-08,55.734425785225945,discos,20.0,2448728.5,2448702.0646023545,-26.43539764545858,92.33539739996195
lead_11073_L0.5,lead,11073,0.5,2448538.15579715,25855.850121786912,0.7441323,61.808,178.2659845815752,256.0921632916689,18.3901,1.7942232039018865e-08,55.734425785225945,discos,20.0,2448728.5,2448708.2557968805,-20.244203119538724,190.34420285001397
lead_11073_L1.0,lead,11073,1.0,2448362.71847225,25901.367952514724,0.7420768,61.8878,208.02051182170587,253.3843730005258,19.8992,1.7942232039018865e-08,55.734425785225945,discos,20.0,2448728.5,2448699.9418943427,-28.55810565734282,365.7815277501941
lead_11073_L2.0,lead,11073,2.0,2447997.94593177,26045.57444231879,0.7462258,62.3971,275.59604080098495,247.70702620215712,22.9971,1.7942232039018865e-08,55.734425785225945,discos,20.0,2448728.5,2448734.545931508,6.045931507833302,730.5540682300925
lead_11073_L4.0,lead,11073,4.0,2447257.49586017,26922.97136613853,0.7468676,64.435,36.04741704580304,246.67214546604907,23.0629,1.7942232039018865e-08,55.734425785225945,discos,20.0,2448728.5,2448683.9958598954,-44.504140104632825,1471.0041398298927
mid_7480,mid,7480,,2446092.58599376,26553.212926439377,0.7473569,64.1821,49.37173715998202,245.5946727483941,23.7239,1.630917450980387e-08,61.315181795306316,discos,15.0,2446428.5,2446440.785993246,12.285993245895952,335.91400624020025
full_7480,full,7480,,2442346.10149713,26556.662698620174,0.7304984,62.8929,154.9818435674216,287.84579999808415,9.369,1.630917450980387e-08,61.315181795306316,discos,30.0,2446428.5,2447098.5514954343,670.0514954342507,4082.398502869997
lead_7480_L0.25,lead,7480,0.25,2446335.42985666,26349.230097682364,0.7529781,63.6103,7.4438417203502585,244.65677272831897,23.6198,1.630917450980387e-08,61.315181795306316,discos,20.0,2446428.5,2446412.238740066,-16.261259933933616,93.07014334015548
lead_7480_L0.5,lead,7480,0.5,2446217.13631708,26547.555767036014,0.7511925,63.9604,31.728823163488126,244.91949090210034,24.9401,1.630917450980387e-08,61.315181795306316,discos,20.0,2446428.5,2446444.3863165798,15.886316579766572,211.3636829201132
lead_7480_L1.0,lead,7480,1.0,2446057.70086205,26556.160009567324,0.7460287,64.2427,54.95368052127353,245.87381817908715,23.6033,1.630917450980387e-08,61.315181795306316,discos,20.0,2446428.5,2446440.0508615384,11.550861538387835,370.79913794994354
lead_7480_L2.0,lead,7480,2.0,2445688.86647621,26557.661440077285,0.7261837,64.5663,109.76748849777057,249.84013596822462,23.6365,1.630917450980387e-08,61.315181795306316,discos,20.0,2446428.5,2446463.8664756715,35.36647567152977,739.6335237901658
lead_7480_L4.0,lead,7480,4.0,2444967.0723336,26554.63302565531,0.6895353,64.7526,191.9463880821781,261.28510926844746,21.7145,1.630917450980387e-08,61.315181795306316,discos,20.0,2446428.5,2446470.772333021,42.27233302081004,1461.4276664000936
mid_8833,mid,8833,,2447743.35191596,26457.114622048615,0.7471546,62.2002,143.60266616534662,259.54575455381257,16.7262,1.8307972941176413e-08,54.62101146932016,discos,15.0,2447926.5,2447898.6820903104,-27.817909689620137,183.14808403979987
full_8833,full,8833,,2442911.29974314,26554.86571239038,0.736987,62.9324,84.3698015955801,288.09255454434447,8.9609,1.8307972941176413e-08,54.62101146932016,discos,30.0,2447926.5,2447843.1497429563,-83.35025704372674,5015.200256859884
lead_8833_L0.25,lead,8833,0.25,2447831.91270157,26347.78070913821,0.750651,62.2122,129.09926864634232,260.6388363585616,16.0651,1.8307972941176413e-08,54.62101146932016,discos,20.0,2447926.5,2447903.4127013837,-23.08729861630127,94.58729843003675
lead_8833_L0.5,lead,8833,0.5,2447743.35191596,26457.114622048615,0.7471546,62.2002,143.60266616534662,259.54575455381257,16.7262,1.8307972941176413e-08,54.62101146932016,discos,20.0,2447926.5,2447898.6820903104,-27.817909689620137,183.14808403979987
lead_8833_L1.0,lead,8833,1.0,2447557.34931167,26471.93227892422,0.7389084,62.232,176.4794152708301,257.4552728743989,18.2925,1.8307972941176413e-08,54.62101146932016,discos,20.0,2447926.5,2447916.156639685,-10.343360315077007,369.1506883301772
lead_8833_L2.0,lead,8833,2.0,2447192.14481597,26478.79689259819,0.7366182,62.301,233.2654544260702,254.43967268761446,20.0008,1.8307972941176413e-08,54.62101146932016,discos,20.0,2447926.5,2447923.9948157854,-2.5051842145621777,734.3551840297878
lead_8833_L4.0,lead,8833,4.0,2446460.63025061,26484.397764231097,0.7461343,63.841,352.87141712508816,250.32196360894505,21.1976,1.8307972941176413e-08,54.62101146932016,discos,20.0,2447926.5,2447926.480250426,-0.01974957389757037,1465.8697493900545
mid_14297,mid,14297,,2450848.10695609,26584.02652814296,0.7444988,62.7764,255.2719049033433,213.913199353393,59.0118,4.4e-08,22.72727272727273,satcat_rcs,15.0,2450944.5,2451045.406955933,100.90695593319833,96.39304391015321
full_14297,full,14297,,2445565.99406069,26587.74911178426,0.7320168,63.3812,77.08852062943117,319.9993545452668,4.5365,4.4e-08,22.72727272727273,satcat_rcs,30.0,2450944.5,2450903.9940605243,-40.505939475726336,5378.505939309951
lead_14297_L0.25,lead,14297,0.25,2450849.10273388,26583.244547664213,0.7449011,62.7753,254.42928487247838,213.97106345357562,58.985,4.4e-08,22.72727272727273,satcat_rcs,20.0,2450944.5,2451039.6027337234,95.1027337233536,95.39726612018421
lead_14297_L0.5,lead,14297,0.5,2450761.27667784,26577.80174144367,0.7444496,62.9607,265.8874445850955,213.57518181842852,62.4031,4.4e-08,22.72727272727273,satcat_rcs,20.0,2450944.5,2450967.6266776784,23.126677678432316,183.22332216007635
lead_14297_L1.0,lead,14297,1.0,2450578.08047229,26598.80409349224,0.7368824,63.6556,294.3311214533548,213.23083652149833,64.384,4.4e-08,22.72727272727273,satcat_rcs,20.0,2450944.5,2450944.7804721254,0.2804721253924072,366.41952770994976
lead_14297_L2.0,lead,14297,2.0,2450112.69415609,26584.320559893054,0.7180643,65.5646,0.5604148243564656,218.46036436449648,58.8742,4.4e-08,22.72727272727273,satcat_rcs,20.0,2450944.5,2450963.3441559253,18.84415592532605,831.8058439102024
lead_14297_L4.0,lead,14297,4.0,2449477.50440512,26597.61711025133,0.6947611,66.5159,70.40839735502638,231.63106395165477,43.2089,4.4e-08,22.72727272727273,satcat_rcs,20.0,2450944.5,2450959.554404956,15.054404955822974,1466.995594880078
mid_7903,mid,7903,,2446491.49498909,26552.26409363767,0.7473289,63.802,55.68332972344879,255.20289999407328,18.5686,1.630917450980387e-08,61.315181795306316,discos,15.0,2447063.5,2446856.894988486,-206.60501151392236,572.0050109098665
full_7903,full,7903,,2442570.15461488,26558.936834211974,0.7414314,62.847,218.09731523108871,280.59916363166246,10.4932,1.630917450980387e-08,61.315181795306316,discos,30.0,2447063.5,2448283.408261183,1219.9082611831836,4493.345385119785
lead_7903_L1.0,lead,7903,1.0,2446693.66693458,26365.248595924673,0.7524773,63.4805,18.515880213739006,255.0481272727145,18.2862,1.630917450980387e-08,61.315181795306316,discos,20.0,2447063.5,2446830.8232914023,-232.67670859768987,369.8330654199235
lead_7903_L2.0,lead,7903,2.0,2446331.01596956,26554.61767221611,0.7398818,63.9299,82.59332098920312,255.95652710551968,19.0229,1.630917450980387e-08,61.315181795306316,discos,20.0,2447063.5,2446816.798723653,-246.70127634704113,732.484030439984
lead_7903_L4.0,lead,7903,4.0,2445599.29003847,26556.022603795904,0.7012021,64.0778,173.8649895833355,262.563700093914,19.8936,1.630917450980387e-08,61.315181795306316,discos,20.0,2447063.5,2446851.5900378264,-211.90996217355132,1464.2099615298212
mid_7641,mid,7641,,2445962.96614999,26555.979361499507,0.7470183,64.3505,62.11215399234943,245.64681729928645,23.9544,2.0134256372548932e-08,49.66659714154634,discos,15.0,2446281.5,2446247.916149624,-33.5838503758423,318.5338500100188
full_7641,full,7641,,2442475.79350185,26555.84857668663,0.7343113,62.8968,143.4065395345606,288.41687272744207,9.4573,2.0134256372548932e-08,49.66659714154634,discos,30.0,2446281.5,2446311.643501335,30.143501334823668,3805.7064981497824
lead_7641_L0.25,lead,7641,0.25,2446186.57955045,26112.151023506416,0.7513217,63.9126,22.58613439914932,244.1343000061475,25.5963,2.0134256372548932e-08,49.66659714154634,discos,20.0,2446281.5,2446214.7295503453,-66.77044965466484,94.92044954979792
lead_7641_L0.5,lead,7641,0.5,2446095.73181692,26409.881699487236,0.7516839,64.0718,35.50969701266896,244.35059090758608,24.0147,2.0134256372548932e-08,49.66659714154634,discos,20.0,2446281.5,2446220.0874600867,-61.41253991331905,185.76818308001384
lead_7641_L1.0,lead,7641,1.0,2445901.15580541,26552.09498003875,0.7430264,64.4773,75.12789680824353,246.52282803014327,23.6697,2.0134256372548932e-08,49.66659714154634,discos,20.0,2446281.5,2446274.205805042,-7.2941949581727386,380.34419459011406
lead_7641_L2.0,lead,7641,2.0,2445548.26753973,26556.0421952616,0.7249302,64.6906,118.27953260447241,250.35338194030902,23.5081,2.0134256372548932e-08,49.66659714154634,discos,20.0,2446281.5,2446245.48174706,-36.01825293991715,733.2324602701701
lead_7641_L4.0,lead,7641,4.0,2444820.01294005,26557.75252827597,0.6923588,64.8308,202.77624098070407,263.3330180500944,20.5163,2.0134256372548932e-08,49.66659714154634,discos,20.0,2446281.5,2446249.9629396647,-31.53706033527851,1461.4870599498972
mid_7653,mid,7653,,2446112.79699037,26938.33397600274,0.75051,64.5182,60.62162691801996,245.09069997528076,23.6805,1.7942232039018865e-08,55.734425785225945,discos,15.0,2446411.5,2446391.1259889286,-20.374011071398854,298.70300963008776
full_7653,full,7653,,2442452.80816793,26940.513330433743,0.737773,62.8943,142.67462387677912,288.55279999991956,9.2029,1.7942232039018865e-08,55.734425785225945,discos,30.0,2446411.5,2446195.221225966,-216.2787740342319,3958.691832069773
lead_7653_L0.25,lead,7653,0.25,2446318.42696756,26538.47188089966,0.7554345,64.132,23.163377417713196,243.32076363744181,24.2504,1.7942232039018865e-08,55.734425785225945,discos,20.0,2446411.5,2446341.5769674736,-69.92303252639249,93.07303244015202
lead_7653_L0.5,lead,7653,0.5,2446225.80204074,26932.892362599152,0.7544434,64.3845,45.42272666999223,244.27140018044102,23.7077,1.7942232039018865e-08,55.734425785225945,discos,20.0,2446411.5,2446402.4207263845,-9.079273615498096,185.69795926008373
lead_7653_L1.0,lead,7653,1.0,2446043.53498172,26939.2362700328,0.7478106,64.6705,69.94102788161203,245.6730999194928,23.492,1.7942232039018865e-08,55.734425785225945,discos,20.0,2446411.5,2446379.434981374,-32.06501862592995,367.9650182798505
lead_7653_L2.0,lead,7653,2.0,2445676.82068552,26940.307047625483,0.7256331,64.8723,120.63116303329791,250.21150847403493,23.5305,1.7942232039018865e-08,55.734425785225945,discos,20.0,2446411.5,2446402.7706851615,-8.729314838536084,734.6793144801632
lead_7653_L4.0,lead,7653,4.0,2444942.89263169,26939.892938804107,0.6916217,65.0435,201.8352519622558,263.47821137117444,20.7884,1.7942232039018865e-08,55.734425785225945,discos,20.0,2446411.5,2446399.8926313417,-11.607368658296764,1468.6073683099821
mid_8187,mid,8187,,2445955.47353033,26554.210284755296,0.7459614,64.4104,61.662921005038356,246.8112735343895,23.3554,1.630917450980387e-08,61.315181795306316,discos,15.0,2446388.5,2446287.0235299203,-101.47647007973865,433.02646966977045
full_8187,full,8187,,2442659.12283179,26556.11756096651,0.7365774,62.9846,114.79996008074691,288.374527272745,9.1853,1.630917450980387e-08,61.315181795306316,discos,30.0,2446388.5,2446180.538842036,-207.96115796407685,3729.3771682102233
lead_8187_L0.25,lead,8187,0.25,2446178.95999999,26191.50765758761,0.7518552,63.9238,19.938589765355857,245.00435454573085,85.673,1.630917450980387e-08,61.315181795306316,discos,20.0,2446388.5,2446222.1599998293,-166.34000017074868,209.54000000981614
lead_8187_L0.5,lead,8187,0.5,2446178.95999999,26191.50765758761,0.7518552,63.9238,19.938589765355857,245.00435454573085,85.673,1.630917450980387e-08,61.315181795306316,discos,20.0,2446388.5,2446222.1599998293,-166.34000017074868,209.54000000981614
lead_8187_L1.0,lead,8187,1.0,2446020.73896084,26544.85790711797,0.7509332,64.2373,44.367308055383994,245.7505362746583,23.3002,1.630917450980387e-08,61.315181795306316,discos,20.0,2446388.5,2446208.488960458,-180.01103954203427,367.761039160192
lead_8187_L2.0,lead,8187,2.0,2445654.92248196,26553.510783021462,0.7315883,64.6781,101.82051873971312,250.0673918087051,22.9003,1.630917450980387e-08,61.315181795306316,discos,20.0,2446388.5,2446265.4724815465,-123.02751845354214,733.5775180398487
lead_8187_L4.0,lead,8187,4.0,2444922.17832448,26557.676709652995,0.6948717,64.8459,187.4205692867173,262.30499108710853,20.7647,1.630917450980387e-08,61.315181795306316,discos,20.0,2446388.5,2446232.3783240714,-156.12167592858896,1466.3216755199246
mid_9411,mid,9411,,2448254.79412042,26875.65461784996,0.7507609,62.9404,67.89826010291992,262.3208545453971,15.2656,1.7942232039018865e-08,55.734425785225945,discos,15.0,2448470.5,2448470.8941201204,0.3941201204434037,215.70587958022952
full_9411,full,9411,,2443048.91285931,26883.945378279725,0.746086,63.1964,12.46925049078975,281.410008798763,10.4265,1.7942232039018865e-08,55.734425785225945,discos,30.0,2448470.5,2448500.1128589506,29.612858950626105,5421.58714069007
lead_9411_L0.25,lead,9411,0.25,2448377.19393133,26756.904146079112,0.7552282,62.9036,47.11907984883191,263.388927247711,14.5547,1.7942232039018865e-08,55.734425785225945,discos,20.0,2448470.5,2448469.293931029,-1.2060689711943269,93.3060686700046
lead_9411_L0.5,lead,9411,0.5,2448287.76282827,26864.725297391575,0.7524795,62.931,61.29877393848777,262.645454547245,15.0891,1.7942232039018865e-08,55.734425785225945,discos,20.0,2448470.5,2448468.1929537966,-2.3070462034083903,182.7371717300266
lead_9411_L1.0,lead,9411,1.0,2448104.54044371,26881.80028158574,0.741956,62.966,93.89636171175952,261.2453090095814,16.3771,1.7942232039018865e-08,55.734425785225945,discos,20.0,2448470.5,2448476.2904434185,5.790443418547511,365.9595562899485
lead_9411_L2.0,lead,9411,2.0,2447738.50272224,26882.911492892235,0.720617,63.0705,143.6060894504792,260.3524000000795,18.817,1.7942232039018865e-08,55.734425785225945,discos,20.0,2448470.5,2448472.0527219493,1.5527219492942095,731.9972777599469
lead_9411_L4.0,lead,9411,4.0,2447000.8392216,26882.458096076254,0.7130648,63.0871,235.23827619482586,262.1417727294751,19.0848,1.7942232039018865e-08,55.734425785225945,discos,20.0,2448470.5,2448521.139221287,50.639221286866814,1469.6607784000225
mid_9574,mid,9574,,2448095.30124312,26566.8453294216,0.7482213,62.0575,123.70626896985432,259.60407275877867,16.5622,2.0134256372548932e-08,49.66659714154634,discos,15.0,2448274.5,2448240.801242939,-33.69875706080347,179.1987568801269
full_9574,full,9574,,2443115.68795229,26552.016290643624,0.7372968,63.1083,47.231423501531154,288.5977728849669,9.2704,2.0134256372548932e-08,49.66659714154634,discos,30.0,2448274.5,2448362.237952096,87.73795209592208,5158.812047710177
lead_9574_L0.25,lead,9574,0.25,2448182.94240988,26506.11396374559,0.7514782,62.0361,108.87875578219021,260.80603631844065,15.8702,2.0134256372548932e-08,49.66659714154634,discos,20.0,2448274.5,2448264.0463203858,-10.453679614234716,91.55759012000635
lead_9574_L0.5,lead,9574,0.5,2448091.31114143,26566.718562700218,0.7472682,62.0628,124.61878054148009,259.51057267029097,16.5896,2.0134256372548932e-08,49.66659714154634,discos,20.0,2448274.5,2448253.2542858403,-21.245714159682393,183.18885857006535
lead_9574_L1.0,lead,9574,1.0,2447907.87545512,26541.12625843293,0.7369657,62.2536,153.11459292234352,257.58950001238287,18.5211,2.0134256372548932e-08,49.66659714154634,discos,20.0,2448274.5,2448256.025454939,-18.474545061122626,366.62454487988725
lead_9574_L2.0,lead,9574,2.0,2447542.99972438,26546.963570433996,0.7270176,62.2297,209.75559189812904,254.78956348987174,20.7552,2.0134256372548932e-08,49.66659714154634,discos,20.0,2448274.5,2448283.399724197,8.899724197108299,731.5002756197937
lead_9574_L4.0,lead,9574,4.0,2446811.87113057,26569.327611673765,0.7387587,63.2329,316.6973439438864,250.90611818179394,21.7368,2.0134256372548932e-08,49.66659714154634,discos,20.0,2448274.5,2448326.052490915,51.5524909151718,1462.628869430162
mid_10605,mid,10605,,2447493.18319968,26542.951153442144,0.7479865,64.1292,31.6603157049794,241.85838182065066,25.9728,1.8307972941176413e-08,54.62101146932016,discos,15.0,2447865.5,2447854.633199115,-10.866800885181874,372.31680032005534
full_10605,full,10605,,2443552.39705905,26555.11481726355,0.7308057,62.9117,152.69018434315322,288.0296090916561,9.5743,1.8307972941176413e-08,54.62101146932016,discos,30.0,2447865.5,2448095.2767493473,229.7767493473366,4313.102940950077
lead_10605_L0.25,lead,10605,0.25,2447772.7102436,25476.471316989533,0.7450425,63.4489,344.10304673745804,241.42484546657025,27.0027,1.8307972941176413e-08,54.62101146932016,discos,20.0,2447865.5,2447817.6602434325,-47.839756567496806,92.78975640004501
lead_10605_L0.5,lead,10605,0.5,2447682.26198128,26179.70053170041,0.7495691,63.6637,1.004620049863429,241.31622727324128,26.7048,1.8307972941176413e-08,54.62101146932016,discos,20.0,2447865.5,2447880.411980662,14.911980662029237,183.2380187199451
lead_10605_L1.0,lead,10605,1.0,2447497.16704578,26540.692246463805,0.7482056,64.1237,30.982791593301762,241.82541818153086,25.9891,1.8307972941176413e-08,54.62101146932016,discos,20.0,2447865.5,2447846.917045226,-18.582954774145037,368.3329542200081
lead_10605_L2.0,lead,10605,2.0,2447132.85318203,26555.958093414225,0.7320935,64.6122,86.98531251747477,245.42002732410495,25.6272,1.8307972941176413e-08,54.62101146932016,discos,20.0,2447865.5,2447852.1277880776,-13.372211922425777,732.6468179700896
lead_10605_L4.0,lead,10605,4.0,2446403.09285168,26556.70532591033,0.6851651,64.8029,179.61866267029183,257.598739326265,24.3025,1.8307972941176413e-08,54.62101146932016,discos,20.0,2447865.5,2447912.4928511307,46.99285113066435,1462.4071483202279
mid_10802,mid,10802,,2447660.03879381,26908.613455919298,0.7513273,64.3163,32.93013413072184,241.087990851149,26.0925,1.7942232039018865e-08,55.734425785225945,discos,15.0,2448004.5,2447974.688793359,-29.811206641141325,344.4612061898224
full_10802,full,10802,,2443627.47439169,26921.653920163782,0.7332079,62.9434,140.4426167373134,288.2191545482206,9.5965,1.7942232039018865e-08,55.734425785225945,discos,30.0,2448004.5,2447744.224391244,-260.2756087561138,4377.02560831001
lead_10802_L0.25,lead,10802,0.25,2447912.28992565,25534.067819307762,0.7454424,63.7616,350.1538049335644,240.00219090235322,27.9889,1.7942232039018865e-08,55.734425785225945,discos,20.0,2448004.5,2447964.2552321353,-40.24476786470041,92.21007434977219
lead_10802_L0.5,lead,10802,0.5,2447821.81393956,26780.73408797038,0.7552656,63.9618,5.308899922092533,240.16936363649555,26.2838,1.7942232039018865e-08,55.734425785225945,discos,20.0,2448004.5,2447968.9639391014,-35.536060898564756,182.68606043979526
lead_10802_L1.0,lead,10802,1.0,2447634.61786509,26911.36273343324,0.7503609,64.3972,37.630978214025106,241.30001821582994,26.1904,1.7942232039018865e-08,55.734425785225945,discos,20.0,2448004.5,2447974.467864645,-30.03213535482064,369.88213491020724
lead_10802_L2.0,lead,10802,2.0,2447272.40533268,26921.422612060574,0.7336994,64.7934,88.33605208616162,244.77381817974515,25.8625,1.7942232039018865e-08,55.734425785225945,discos,20.0,2448004.5,2447988.4053322207,-16.094667779281735,732.0946673201397
lead_10802_L4.0,lead,10802,4.0,2446526.53404372,26921.31905923358,0.6850152,65.0025,176.3409360223403,256.9141046235321,24.5432,1.7942232039018865e-08,55.734425785225945,discos,20.0,2448004.5,2448032.8340432625,28.334043262526393,1477.965956280008
mid_11602,mid,11602,,2449396.84189185,26897.97398054268,0.7506006,61.8933,135.09063398683435,261.34799099525287,15.6754,1.7942232039018865e-08,55.734425785225945,discos,15.0,2449639.5,2449581.091891643,-58.408108356874436,242.65810815012082
full_11602,full,11602,,2444172.94947624,26917.728017694008,0.7400023,62.9287,80.70927629927287,288.2592636328508,9.3364,1.7942232039018865e-08,55.734425785225945,discos,30.0,2449639.5,2449437.852519214,-201.6474807858467,5466.550523759797
lead_11602_L0.25,lead,11602,0.25,2449543.94299063,26801.73702558696,0.7571394,61.8447,109.30252097435732,264.0194636423497,14.3213,1.7942232039018865e-08,55.734425785225945,discos,20.0,2449639.5,2449576.392990509,-63.107009490951896,95.55700937006623
lead_11602_L0.5,lead,11602,0.5,2449454.74579588,26888.641243989594,0.7530556,61.8637,128.01336157453503,262.04294670565116,15.1164,1.7942232039018865e-08,55.734425785225945,discos,20.0,2449639.5,2449586.7632595035,-52.73674049647525,184.7542041200213
lead_11602_L1.0,lead,11602,1.0,2449268.79194479,26900.181453083987,0.7448659,61.9041,155.79307882082335,259.4376909598001,16.9816,1.7942232039018865e-08,55.734425785225945,discos,20.0,2449639.5,2449586.577128912,-52.92287108814344,370.70805520983413
lead_11602_L2.0,lead,11602,2.0,2448906.47452918,26900.464710134973,0.7383033,62.0165,210.50623990717656,255.17908187752542,19.3985,1.7942232039018865e-08,55.734425785225945,discos,20.0,2449639.5,2449576.9105003537,-62.589499646332115,733.0254708197899
lead_11602_L4.0,lead,11602,4.0,2448175.6368737,26909.077533666637,0.74604,63.4323,322.9815433247539,249.09075454561136,21.7073,1.7942232039018865e-08,55.734425785225945,discos,20.0,2449639.5,2449579.3368734936,-60.16312650637701,1463.8631262998097
mid_13107,mid,13107,,2448531.83212669,26537.88124793448,0.7478639,64.3482,40.59977262141406,243.83093637218462,24.8077,1.8307972941176413e-08,54.62101146932016,discos,15.0,2448796.5,2448790.0004152996,-6.499584700446576,264.6678733099252
full_13107,full,13107,,2445052.56005529,26575.925139919967,0.7364279,62.8757,132.53552531413598,288.0729818182059,9.2939,1.8307972941176413e-08,54.62101146932016,discos,30.0,2448796.5,2448865.8600548846,69.36005488457158,3743.939944710117
lead_13107_L0.25,lead,13107,0.25,2448701.20736576,26154.64217226477,0.7505377,63.923,12.00073927565275,242.94952727273613,25.0986,1.8307972941176413e-08,54.62101146932016,discos,20.0,2448796.5,2448779.770964667,-16.729035332798958,95.29263423988596
lead_13107_L0.5,lead,13107,0.5,2448608.38962777,26494.437631856992,0.7500387,64.1468,29.84825718845871,243.33474543337104,24.8349,1.8307972941176413e-08,54.62101146932016,discos,20.0,2448796.5,2448800.5439531473,4.043953147251159,188.11037222994491
lead_13107_L1.0,lead,13107,1.0,2448428.2431505,26547.89685058541,0.7434277,64.4487,56.69394655054875,244.92500001107192,24.5344,1.8307972941176413e-08,54.62101146932016,discos,20.0,2448796.5,2448791.343150143,-5.156849856954068,368.256849499885
lead_13107_L2.0,lead,13107,2.0,2448062.87129159,26544.45926847399,0.7218199,64.7666,108.20087766648919,249.35642735243243,24.5349,1.8307972941176413e-08,54.62101146932016,discos,20.0,2448796.5,2448804.496639509,7.996639509219676,733.6287084100768
lead_13107_L4.0,lead,13107,4.0,2447332.58844398,26556.387522838566,0.6869929,64.8162,190.54456437756951,262.4488454685274,21.44,1.8307972941176413e-08,54.62101146932016,discos,20.0,2448796.5,2448816.7884436124,20.288443612400442,1463.9115560199134
mid_15030,mid,15030,,2451290.67117914,26278.572745369074,0.7454769,62.2915,184.95308708022716,238.12484545984233,29.0277,1.9826687495342153e-08,50.437068735507545,discos,15.0,2451449.5,2451426.2711789757,-23.228821024298668,158.82882086001337
full_15030,full,15030,,2445862.12614314,26287.272510139897,0.7330362,63.0641,69.86049651362984,319.8831182043185,4.5603,1.9826687495342153e-08,50.437068735507545,discos,30.0,2451449.5,2451516.326142976,66.82614297606051,5587.373856860213
lead_15030_L0.25,lead,15030,0.25,2451356.35832993,26246.061000819875,0.7488999,62.2571,174.20929556379227,238.93109999851762,27.8921,1.9826687495342153e-08,50.437068735507545,discos,20.0,2451449.5,2451431.95269905,-17.547300950158387,93.14167007012293
lead_15030_L0.5,lead,15030,0.5,2451262.69979964,26282.926629767124,0.7439514,62.3329,189.49735332817514,237.81512727474293,29.554,1.9826687495342153e-08,50.437068735507545,discos,20.0,2451449.5,2451424.3497994756,-25.150200524367392,186.80020035989583
lead_15030_L1.0,lead,15030,1.0,2451083.5308056,26285.91455213598,0.7335671,62.4889,220.23321208008966,235.95561816145423,32.4843,1.9826687495342153e-08,50.437068735507545,discos,20.0,2451449.5,2451439.780805435,-9.719194564968348,365.96919440012425
lead_15030_L2.0,lead,15030,2.0,2450710.44587626,26286.039113926672,0.7212975,63.2205,274.0875963956713,234.4755636365166,35.9404,1.9826687495342153e-08,50.437068735507545,discos,20.0,2451449.5,2451428.7958760946,-20.704123905394226,739.0541237401776
lead_15030_L4.0,lead,15030,4.0,2449987.81382248,26286.50176034692,0.7030856,65.4424,8.822422170429528,240.80052717700994,33.0618,1.9826687495342153e-08,50.437068735507545,discos,20.0,2451449.5,2451411.7638223153,-37.73617768473923,1461.6861775200814
pool_39615_L0.5,pool,39615,0.5,2457828.07866809,9695.81691709901,0.3277103,48.4294,98.85794068911447,352.21261254005253,1.6067,1.8079375750264158e-08,55.311644263236744,discos,4.5,2458011.5,2457968.528667567,-42.971332433167845,183.42133190995082
pool_39615_L1.0,pool,39615,1.0,2457646.24765358,11364.010647994193,0.4262204,48.4873,30.721061924457906,88.76153598447861,315.026,1.8079375750264158e-08,55.311644263236744,discos,5.0,2458011.5,2457888.4976526774,-123.00234732264653,365.25234642019495
pool_39615_L2.0,pool,39615,2.0,2457280.893577,17199.68807229092,0.6212325,48.6171,358.4373750857199,153.81166189351046,256.6171,1.8079375750264158e-08,55.311644263236744,discos,6.0,2458011.5,2457512.643576137,-498.8564238632098,730.6064229998738
pool_37819_L1.0,pool,37819,1.0,2456181.82477329,10786.133747178026,0.3951456,63.3225,35.10945300232465,213.03931818182141,292.7037,4.434792777247296e-08,22.548967905118364,discos,5.0,2456547.5,2456283.4747729115,-264.0252270884812,365.67522670980543
pool_11550_L0.5,pool,11550,0.5,2460592.56260099,26483.061183485104,0.7523083,62.2703,14.75762672292611,56.17629091010811,353.8171,1.912931499916989e-08,52.27578719067539,discos,4.5,2460775.5,2460762.862600484,-12.637399516068399,182.93739901017398
pool_11550_L1.0,pool,11550,1.0,2460410.06598068,26689.501746674898,0.7493316,62.6548,45.44881731325838,53.339400000743915,353.9883,1.912931499916989e-08,52.27578719067539,discos,5.0,2460775.5,2460756.365980187,-19.134019813034683,365.4340193201788
pool_11550_L2.0,pool,11550,2.0,2460044.68364196,26703.915605069335,0.736686,63.0078,101.93663624514132,49.41290909089415,354.372,1.912931499916989e-08,52.27578719067539,discos,6.0,2460775.5,2460777.433641446,1.9336414458230138,730.8163580400869
pool_35009_L0.5,pool,35009,0.5,2458907.89159198,23922.469322792036,0.7217707,63.3475,182.5747977731114,249.52967272748174,24.2719,1.9535797566807282e-08,51.18808160149405,discos,4.5,2459092.5,2459068.7985077635,-23.70149223646149,184.60840801987797
pool_35009_L1.0,pool,35009,1.0,2458726.75069196,23924.12917243585,0.7164418,63.3928,215.77700807804337,250.09047272607717,24.6317,1.9535797566807282e-08,51.18808160149405,discos,5.0,2459092.5,2459060.0506917457,-32.44930825429037,365.7493080398999
pool_35009_L2.0,pool,35009,2.0,2458359.75733496,23924.654962559427,0.7162335,63.7318,283.3399034864636,251.8104181804891,23.6991,1.9535797566807282e-08,51.18808160149405,discos,6.0,2459092.5,2459055.757334746,-36.74266525404528,732.7426650398411
pool_48259_L0.5,pool,48259,0.5,2460975.85096165,26256.73666243322,0.7395557,62.4962,232.77047075668008,13.368218161814465,358.5714,1.32e-09,757.5757575757576,satcat_rcs,4.5,2461209.5,2461230.850961416,21.35096141602844,233.6490383502096
pool_48259_L1.0,pool,48259,1.0,2460839.99563227,26276.221754555696,0.7309228,62.4441,253.20903755705672,11.801109090558432,358.7959,1.32e-09,757.5757575757576,satcat_rcs,5.0,2461209.5,2461234.745632041,25.245632040780038,369.5043677301146
pool_48259_L2.0,pool,48259,2.0,2460475.95355112,26276.692391957513,0.7120433,63.7604,304.1473118776322,10.633363636395632,358.5912,1.32e-09,757.5757575757576,satcat_rcs,6.0,2461209.5,2461226.7535508955,17.253550895489752,733.5464488798752
pool_27906_L0.5,pool,27906,0.5,2458255.78761429,26138.738353298657,0.7442,64.3856,256.5116285739472,354.7616090901201,0.4186,1.32e-09,757.5757575757576,satcat_rcs,4.5,2458441.5,,,185.71238570986316
pool_27906_L1.0,pool,27906,1.0,2458075.9996626,26169.97719812323,0.7381096,64.749,284.06069723746964,356.64850003218845,0.1341,1.32e-09,757.5757575757576,satcat_rcs,5.0,2458441.5,,,365.500337400008
pool_27906_L2.0,pool,27906,2.0,2457709.73206866,26173.31633894733,0.7277436,65.5098,334.38710451477783,2.3076999734108354,359.8382,1.32e-09,757.5757575757576,satcat_rcs,6.0,2458441.5,,,731.7679313397966
pool_27882_L0.5,pool,27882,0.5,2458397.76261001,26354.010277959736,0.7477872,62.6389,14.219003053322693,42.13597269366077,355.4358,1.32e-09,757.5757575757576,satcat_rcs,4.5,2458580.5,2458658.562609574,78.0626095738262,182.73738999012858
pool_27882_L1.0,pool,27882,1.0,2458213.80928715,26796.06581673016,0.7472179,63.1028,43.84777436881931,40.16977272956497,355.6265,1.32e-09,757.5757575757576,satcat_rcs,5.0,2458580.5,2458629.45574788,48.9557478800416,366.6907128500752
pool_27882_L2.0,pool,27882,2.0,2457849.83944703,26809.99447194705,0.7366618,63.4494,98.68006507134557,38.29960909078529,355.8754,1.32e-09,757.5757575757576,satcat_rcs,6.0,2458580.5,2458655.9894466093,75.489446609281,730.6605529701337
pool_45349_L0.5,pool,45349,0.5,2459678.0445307,12223.356215724853,0.45841,64.1702,260.0028399596532,28.456756802721507,349.57,1.32e-09,757.5757575757576,satcat_rcs,4.5,2459861.5,,,183.4554693000391
pool_45349_L1.0,pool,45349,1.0,2459493.82909523,15405.230571416472,0.563925,64.2476,350.56942309658336,34.97981803114936,351.7051,1.32e-09,757.5757575757576,satcat_rcs,5.0,2459861.5,2460640.6149388882,779.1149388882332,367.67090477002785
pool_45349_L2.0,pool,45349,2.0,2459130.31805463,16209.70818279102,0.5833396,64.5839,133.55450859213053,44.80461806195916,349.8278,1.32e-09,757.5757575757576,satcat_rcs,6.0,2459861.5,2460537.1680521476,675.6680521476083,731.1819453700446
pool_21935_L0.5,pool,21935,0.5,2460187.74694288,11394.447028312456,0.4063485,52.4849,15.643479930667358,188.42450987209864,154.1278,1.32e-09,757.5757575757576,satcat_rcs,4.5,2460467.5,,,279.7530571199022
pool_21935_L1.0,pool,21935,1.0,2460102.07997416,11771.048552765851,0.4122902,52.3158,107.29060708840724,123.57708889036238,278.0553,1.32e-09,757.5757575757576,satcat_rcs,5.0,2460467.5,,,365.420025839936
pool_21935_L2.0,pool,21935,2.0,2459736.14205127,12764.5026285905,0.4526869,52.4964,86.01094910145791,248.14979761034863,54.719,1.32e-09,757.5757575757576,satcat_rcs,6.0,2460467.5,,,731.3579487297684
pool_48264_L0.5,pool,48264,0.5,2460604.86117369,26417.910593623543,0.7486844,62.377,85.91565969116193,50.692245450344835,354.4641,1.32e-09,757.5757575757576,satcat_rcs,4.5,2460790.5,2460820.06117331,29.561173310037702,185.63882631016895
pool_48264_L1.0,pool,48264,1.0,2460423.81140004,26496.347970065966,0.7419037,62.48,115.94887826072195,47.760327260621466,354.7833,1.32e-09,757.5757575757576,satcat_rcs,5.0,2460790.5,2460822.4113996644,31.911399664357305,366.68859995994717
pool_48264_L2.0,pool,48264,2.0,2460057.72199497,26490.95777210667,0.7209255,62.6374,169.0063611276304,43.61015454576058,3.1143,1.32e-09,757.5757575757576,satcat_rcs,6.0,2460790.5,2460825.7719945917,35.2719945916906,732.7780050300062
pool_29202_L1.0,pool,29202,1.0,2460437.18951109,23369.63340781087,0.7190539,61.3126,287.2466958734629,45.86659095625338,354.2214,1.32e-09,757.5757575757576,satcat_rcs,5.0,2460802.5,2460670.4395104633,-132.0604895367287,365.3104889099486
pool_29202_L2.0,pool,29202,2.0,2460070.55685134,26490.97557729341,0.7433923,63.0389,352.1988202919151,39.25050909036826,356.0145,1.32e-09,757.5757575757576,satcat_rcs,6.0,2460802.5,2460625.3068508008,-177.19314919924363,731.9431486600079
pool_48090_L0.5,pool,48090,0.5,2460620.68099638,26084.105897504316,0.7485711,61.8568,60.72086396735864,55.31891817431382,353.7205,1.32e-09,757.5757575757576,satcat_rcs,4.5,2460803.5,2460751.2571099754,-52.24289002455771,182.81900362018496
pool_48090_L1.0,pool,48090,1.0,2460437.94036952,26573.859607758408,0.746477,62.0365,92.59695925123295,51.21308181461901,354.2133,1.32e-09,757.5757575757576,satcat_rcs,5.0,2460803.5,2460750.1903691436,-53.30963085638359,365.5596304801293
pool_48090_L2.0,pool,48090,2.0,2460070.09638854,26525.735014526846,0.7272733,62.4825,148.99084387544275,45.025918178774724,354.81,1.32e-09,757.5757575757576,satcat_rcs,6.0,2460803.5,2460786.824379255,-16.675620744936168,733.4036114597693
pool_27902_L0.5,pool,27902,0.5,2460669.09886021,26448.16964606213,0.7489141,62.2493,103.17312762987046,46.697572726278686,354.9321,1.32e-09,757.5757575757576,satcat_rcs,4.5,2460852.5,2460880.8988598343,28.39885983429849,183.40113979019225
pool_27902_L1.0,pool,27902,1.0,2460485.95691011,26497.727214701772,0.7411245,62.3965,133.40629661188967,43.5665636304147,355.0532,1.32e-09,757.5757575757576,satcat_rcs,5.0,2460852.5,2460888.189340836,35.68934083590284,366.54308988992125
pool_27902_L2.0,pool,27902,2.0,2460116.71359075,26506.768711367033,0.718022,62.4485,187.6370398914393,38.884699997857936,355.2912,1.32e-09,757.5757575757576,satcat_rcs,6.0,2460852.5,2460902.363590376,49.86359037598595,735.7864092499949
pool_27901_L0.5,pool,27901,0.5,2460691.72881948,26455.53574786136,0.7483831,62.2956,94.662425082059,49.45850908536382,354.764,4.4e-08,22.72727272727273,satcat_rcs,4.5,2460874.5,2460902.989879628,28.489879628177732,182.77118051983416
pool_27901_L1.0,pool,27901,1.0,2460508.4988565,26513.392947738106,0.741127,62.3867,124.11614368657484,46.49087272899789,354.7398,4.4e-08,22.72727272727273,satcat_rcs,5.0,2460874.5,2460897.148856193,22.648856192827225,366.00114350020885
pool_27901_L2.0,pool,27901,2.0,2460143.58340237,26514.314313925657,0.7174861,62.5193,179.55908519098963,41.87882720851227,354.7044,4.4e-08,22.72727272727273,satcat_rcs,6.0,2460874.5,2460931.083402061,56.58340206090361,730.9165976298973
pool_18983_L0.5,pool,18983,0.5,2452114.83465492,26881.25868390037,0.7518231,61.9893,163.16985537011175,259.10235452962934,16.4242,1.7942232039018865e-08,55.734425785225945,discos,4.5,2452297.5,2452266.7251858315,-30.774814168456942,182.66534508019686
pool_18983_L1.0,pool,18983,1.0,2451931.00179632,26892.27705106785,0.7452115,62.0439,191.63617608973183,256.86291818408336,18.0129,1.7942232039018865e-08,55.734425785225945,discos,5.0,2452297.5,2452260.2017961266,-37.298203873448074,366.49820367991924
pool_18983_L2.0,pool,18983,2.0,2451564.22854472,26895.41404729049,0.741738,62.2495,248.11420969033173,253.0533000086619,20.1383,1.7942232039018865e-08,55.734425785225945,discos,6.0,2452297.5,2452261.328544526,-36.17145547410473,733.2714552800171
pool_832_L0.5,pool,832,0.5,2445386.80711252,39841.812636058225,0.8213328,65.905,201.7728495746994,47.269127630252186,357.0096,1.6054006013782872e-08,62.289748685871196,discos,4.5,2445570.5,2445529.2071124543,-41.29288754565641,183.69288747990504
pool_832_L1.0,pool,832,1.0,2445203.6085557,39841.77127400788,0.8016073,66.0031,211.9000311243901,50.209181948190796,356.1993,1.6054006013782872e-08,62.289748685871196,discos,5.0,2445570.5,2445521.335821006,-49.164178994018584,366.8914442998357
pool_832_L2.0,pool,832,2.0,2444834.47158224,39841.628454106394,0.7682372,66.4403,229.17473597674442,56.49582729023436,354.6131,1.6054006013782872e-08,62.289748685871196,discos,6.0,2445570.5,2445510.4676769134,-60.03232308663428,736.0284177600406
pool_13112_L0.5,pool,13112,0.5,2448757.13107964,26812.95529095459,0.7553901,64.2762,23.748031858376542,242.14190909350242,24.7936,1.7942232039018865e-08,55.734425785225945,discos,4.5,2448940.5,2448864.3310793233,-76.1689206766896,183.36892036022618
pool_13112_L1.0,pool,13112,1.0,2448571.92761521,26910.61520780915,0.7482694,64.604,54.04793030781829,243.82470869504627,24.6439,1.7942232039018865e-08,55.734425785225945,discos,5.0,2448940.5,2448874.5776148955,-65.92238510446623,368.57238479005173
pool_13112_L2.0,pool,13112,2.0,2448208.82129078,26913.972272935513,0.7273927,64.9487,103.15805686447843,248.16406359364197,24.566,1.7942232039018865e-08,55.734425785225945,discos,6.0,2448940.5,2448880.5712904623,-59.92870953772217,731.6787092201412
pool_2924_L0.5,pool,2924,0.5,2443388.06391339,36802.33397708332,0.8121124,52.516,225.8094176922156,195.09843492997715,70.1832,9.330530181161686e-09,107.17504585312817,discos,4.5,2443612.5,2443532.4639132963,-80.03608670365065,224.4360866099596
pool_2924_L1.0,pool,2924,1.0,2443238.55540152,36802.373881867745,0.8018715,53.2515,240.65757112272462,184.62233538076953,124.6104,9.330530181161686e-09,107.17504585312817,discos,5.0,2443612.5,2443519.7754564676,-92.72454353235662,373.94459848012775
pool_2924_L2.0,pool,2924,2.0,2442869.61663532,36802.18134228112,0.785713,54.7328,275.20507297871563,161.54021091357583,247.497,9.330530181161686e-09,107.17504585312817,discos,6.0,2443612.5,2443524.1859589396,-88.31404106039554,742.8833646802232
pool_8529_L0.5,pool,8529,0.5,2446524.72593222,26843.49265429415,0.755353,64.0231,49.04866343717045,255.00704545618134,18.0126,1.7942232039018865e-08,55.734425785225945,discos,4.5,2446716.5,2446640.2259319015,-76.27406809851527,191.77406778000295
pool_8529_L1.0,pool,8529,1.0,2446324.31832764,26883.916440512043,0.7437324,64.2106,87.36787325945586,256.3704545770519,18.4181,1.7942232039018865e-08,55.734425785225945,discos,5.0,2446716.5,2446692.8683273196,-23.63167268037796,392.18167235981673
pool_8529_L2.0,pool,8529,2.0,2445965.85253043,26884.306105919255,0.7170816,64.3222,142.1651613037556,260.2992805691573,19.1699,1.7942232039018865e-08,55.734425785225945,discos,6.0,2446716.5,2446790.80253008,74.30253008008003,750.647469569929
pool_2805_L0.5,pool,2805,0.5,2443289.43765909,36849.99040795623,0.8036746,53.153,238.27693187357707,186.22944834736862,113.8556,1.1790716845048541e-08,84.81248537657365,discos,4.5,2443483.5,2443547.5666731345,64.0666731344536,194.06234091008082
pool_2805_L1.0,pool,2805,1.0,2443116.0324358,36849.90053180963,0.7938111,53.8385,252.35819159970796,176.5515105292735,180.1167,1.1790716845048541e-08,84.81248537657365,discos,5.0,2443483.5,2443528.2616048446,44.76160484459251,367.46756420005113
pool_2805_L2.0,pool,2805,2.0,2442744.69397207,36850.137934133214,0.7840113,54.8269,292.2880798647692,150.9136986663442,279.004,1.1790716845048541e-08,84.81248537657365,discos,6.0,2443483.5,2443604.9503936307,121.45039363065735,738.8060279302299
pool_830_L0.5,pool,830,0.5,2445429.10000473,39729.33393678298,0.8167823,65.8748,204.1683975636855,46.745400189685725,356.9889,8.734044045289669e-09,114.49449931951132,discos,4.5,2445619.5,2445607.179243419,-12.32075658114627,190.39999527018517
pool_830_L1.0,pool,830,1.0,2445253.06199629,39729.13607341938,0.7981409,65.9763,213.6978280912329,49.45619092135178,356.2711,8.734044045289669e-09,114.49449931951132,discos,5.0,2445619.5,2445597.325988796,-22.174011203926057,366.43800371000543
pool_830_L2.0,pool,830,2.0,2444887.31140912,39729.097902260306,0.7643621,66.4454,230.6516637085264,55.665772611959305,354.5047,8.734044045289669e-09,114.49449931951132,discos,6.0,2445619.5,2445592.049105887,-27.450894113164395,732.1885908800177
pool_7352_L0.5,pool,7352,0.5,2447886.19538445,26551.70744922398,0.7430374,62.5279,251.9318174585958,205.96765455313346,80.2463,7.399018838327705e-09,135.15305499965666,discos,4.5,2448078.5,2448100.245384284,21.74538428382948,192.30461555020884
pool_7352_L1.0,pool,7352,1.0,2447711.90147136,26534.002335589546,0.7329409,63.2908,278.81837142796076,205.2324636363861,84.5532,7.399018838327705e-09,135.15305499965666,discos,5.0,2448078.5,2448107.9014711943,29.401471194345504,366.5985286398791
pool_7352_L2.0,pool,7352,2.0,2447324.45839593,26547.866339563207,0.716793,65.0711,331.4336642775805,207.85290924029516,81.4577,7.399018838327705e-09,135.15305499965666,discos,6.0,2448078.5,2448124.458395764,45.95839576423168,754.0416040699929
pool_3138_L1.0,pool,3138,1.0,2455378.5,79900.98029136099,0.8697802,46.574,94.12815565121036,76.84632331596077,1.3353,1.9482902345881068e-08,51.327054986312795,discos,5.0,2455744.5,2455732.9895295575,-11.510470442473888,366.0
pool_3138_L2.0,pool,3138,2.0,2455009.04166667,79901.10639525493,0.7729846,49.7444,113.31269282189331,63.30025402148169,357.128,1.9482902345881068e-08,51.327054986312795,discos,6.0,2455744.5,2455745.6651422265,1.165142226498574,735.4583333302289
pool_879_L0.5,pool,879,0.5,2458907.38442253,80798.53490480284,0.8732566,67.9669,318.37109618486505,201.95474519003238,0.0981,1.8737938369314493e-08,53.36766405623437,discos,4.5,2459090.5,2459184.366749282,93.866749281995,183.11557747004554
pool_879_L1.0,pool,879,1.0,2458724.78659412,80825.99347881113,0.8455139,72.5612,321.8568181243357,201.64209090896017,359.5502,1.8737938369314493e-08,53.36766405623437,discos,5.0,2459090.5,2459123.9873979455,33.48739794548601,365.71340588014573
pool_879_L2.0,pool,879,2.0,2458356.95014734,80833.10249309633,0.7402306,81.405,328.0196341850515,201.25579092408356,359.4561,1.8737938369314493e-08,53.36766405623437,discos,6.0,2459090.5,2459149.9711941383,59.47119413828477,733.5498526599258
pool_26463_L0.5,pool,26463,0.5,2460787.40129428,74256.31369397014,0.9034661,153.3651,57.421823682754585,274.9051905097597,2.7764,1.2596384291011778e-07,7.938786058738742,discos,4.5,2460970.5,2460915.3905875725,-55.10941242752597,183.09870572015643
pool_26463_L1.0,pool,26463,1.0,2460603.24249447,74255.83947622795,0.8790576,152.6235,32.6473617203371,248.74833481846474,1.1189,1.2596384291011778e-07,7.938786058738742,discos,5.0,2460970.5,,,367.2575055300258
pool_26463_L2.0,pool,26463,2.0,2460239.12593887,72771.44519859264,0.7999769,145.9497,4.650254575304966,219.47355458622994,0.9884,1.2596384291011778e-07,7.938786058738742,discos,6.0,2460970.5,,,731.3740611299872
pool_42908_L0.5,pool,42908,0.5,2460970.10328503,23691.16304882546,0.7171639,48.2078,209.12916693977976,23.500613509641607,357.0359,1.8079375750264158e-08,55.311644263236744,discos,4.5,2461153.5,2461164.427349446,10.927349445875734,183.3967149700038
pool_42908_L1.0,pool,42908,1.0,2460788.12597829,23703.876307658044,0.7108488,48.5358,260.0374603379161,337.087150219127,2.4116,1.8079375750264158e-08,55.311644263236744,discos,5.0,2461153.5,2461164.925978047,11.42597804684192,365.3740217098966
pool_42908_L2.0,pool,42908,2.0,2460422.27301163,23720.42898180314,0.7140472,48.6609,2.4771064214900247,244.7045084614658,26.6017,1.8079375750264158e-08,55.311644263236744,discos,6.0,2461153.5,2461162.123011391,8.623011391144246,731.2269883700646
pool_3145_L2.0,pool,3145,2.0,2454847.54166667,79432.9664435258,0.767253,48.9611,114.9451184301764,62.751236248402,353.5778,3.045381378573606e-08,32.83660979329885,discos,6.0,2455579.5,2455650.414365855,70.91436585504562,731.9583333302289
pool_9892_L0.5,pool,9892,0.5,2449577.44880005,26549.489541843406,0.745937,64.0828,179.01615813887742,177.55710908036298,191.7003,2.2e-08,45.45454545454546,default,4.5,2449761.5,,,184.05119994981214
pool_9892_L1.0,pool,9892,1.0,2449396.15945713,26532.80909568575,0.7435373,64.2108,204.70760275511373,178.23135453223514,188.5302,2.2e-08,45.45454545454546,default,5.0,2449761.5,,,365.34054287010804
pool_9892_L2.0,pool,9892,2.0,2449030.25046398,26562.477740353206,0.7295558,64.5222,256.2371819701729,180.63469090816318,177.5132,2.2e-08,45.45454545454546,default,6.0,2449761.5,,,731.2495360202156
pool_20352_L0.5,pool,20352,0.5,2451127.7572622,108151.79304319437,0.8608549,69.679,294.9766178145326,16.929127682129668,352.711,9.297611335485367e-09,107.55450662724402,discos,4.5,2451323.5,2451378.819717157,55.31971715716645,195.7427377998829
pool_20352_L1.0,pool,20352,1.0,2450955.5425825,108173.93790987988,0.7913487,74.386,297.4975452348297,16.234909127378057,336.252,9.297611335485367e-09,107.55450662724402,discos,5.0,2451323.5,2451379.2349114637,55.73491146368906,367.95741750020534
pool_20352_L2.0,pool,20352,2.0,2450547.5,108176.08947628975,0.4295608,85.418,304.8271916308979,0.012572617525529304,57.6767,9.297611335485367e-09,107.55450662724402,discos,6.0,2451323.5,2451838.072024455,514.5720244548284,776.0
pool_4336_L0.5,pool,4336,0.5,2442501.24847269,26558.828081228712,0.7417954,65.0237,161.36702061567456,238.82210040193604,29.4895,1.630917450980387e-08,61.315181795306316,discos,4.5,2442684.5,2442722.373014709,37.87301470898092,183.2515273098834
pool_4336_L1.0,pool,4336,1.0,2442301.82641408,26551.030428977327,0.7307441,65.0343,186.61326103384025,243.03763945377398,27.8408,1.630917450980387e-08,61.315181795306316,discos,5.0,2442684.5,2442715.624357035,31.12435703491792,382.67358592012897
pool_4336_L2.0,pool,4336,2.0,2441951.91357439,26558.76558407648,0.7247732,65.1626,230.16929433612302,251.08529903543263,23.4271,1.630917450980387e-08,61.315181795306316,discos,6.0,2442684.5,2442691.03445914,6.534459140151739,732.5864256098866
pool_4779_L0.5,pool,4779,0.5,2442554.31803417,26547.00633516326,0.7457986,65.2634,81.22755806817612,245.12825492460215,24.4006,1.630917450980387e-08,61.315181795306316,discos,4.5,2442741.5,2442761.831680155,20.331680154893547,187.18196582980454
pool_4779_L1.0,pool,4779,1.0,2442366.48644636,26564.37669809764,0.7347404,65.413,104.44437691558102,248.83156365463594,23.3159,1.630917450980387e-08,61.315181795306316,discos,5.0,2442741.5,2442759.1364461333,17.63644613325596,375.01355363987386
pool_4779_L2.0,pool,4779,2.0,2441999.59891909,26555.76703555347,0.7134697,65.5553,153.6762322793371,258.65385266583144,20.9305,1.630917450980387e-08,61.315181795306316,discos,6.0,2442741.5,2442748.1989188716,6.698918871581554,741.9010809101164
pool_5367_L0.5,pool,5367,0.5,2443159.23443144,26553.23762986668,0.7458914,65.1678,89.19737093241099,237.76471775554495,29.7165,1.630917450980387e-08,61.315181795306316,discos,4.5,2443343.5,2443373.8844312085,30.384431208483875,184.26556855998933
pool_5367_L1.0,pool,5367,1.0,2442973.81346128,26555.55956737581,0.7336705,65.3034,116.4033074630948,241.76586577054013,28.2267,1.630917450980387e-08,61.315181795306316,discos,5.0,2443343.5,2443386.2688091006,42.768809100613,369.6865387200378
pool_5367_L2.0,pool,5367,2.0,2442606.94833707,26557.266998355102,0.7113667,65.4585,162.7461415582527,250.63333764280372,25.3174,1.630917450980387e-08,61.315181795306316,discos,6.0,2443343.5,2443370.2483368455,26.748336845543236,736.5516629298218
pool_6208_L0.5,pool,6208,0.5,2443337.69452369,26548.002140739885,0.7458626,65.1988,80.0635466093921,243.48342918583552,25.365,2.0134256372548932e-08,49.66659714154634,discos,4.5,2443520.5,2443552.944523459,32.44452345883474,182.80547631019726
pool_6208_L1.0,pool,6208,1.0,2443153.30182026,26561.002910987823,0.7342578,65.3388,105.34593467160175,247.2666921077298,24.417,2.0134256372548932e-08,49.66659714154634,discos,5.0,2443520.5,2443568.0518200244,47.55182002438232,367.19817973999307
pool_6208_L2.0,pool,6208,2.0,2442782.45850849,26561.943871394968,0.7124309,65.4986,153.60849833427048,256.6167129746634,22.0378,2.0134256372548932e-08,49.66659714154634,discos,6.0,2443520.5,2443562.70850826,42.20850826008245,738.0414915098809
pool_6231_L0.5,pool,6231,0.5,2443262.2617798,26551.459835640777,0.7478361,64.477,216.06416045146497,243.56082870252337,25.3203,1.630917450980387e-08,61.315181795306316,discos,4.5,2443448.5,2443463.761779599,15.261779598891735,186.2382201999426
pool_6231_L1.0,pool,6231,1.0,2443082.88460497,26554.560141135564,0.744677,64.6671,241.19685449261323,246.8208370774267,23.5532,1.630917450980387e-08,61.315181795306316,discos,5.0,2443448.5,2443455.884604768,7.384604767896235,365.61539503000677
pool_6231_L2.0,pool,6231,2.0,2442715.03692908,26551.618441753013,0.7472618,65.412,295.4033909798906,254.71652740680923,19.0585,1.630917450980387e-08,61.315181795306316,discos,6.0,2443448.5,2443439.486928874,-9.013071125838906,733.4630709202029
pool_6418_L0.5,pool,6418,0.5,2443690.78212812,26543.404825932652,0.7464167,65.1392,100.64796411377357,239.11055416888178,28.3874,2.0134256372548932e-08,49.66659714154634,discos,4.5,2443879.5,2443878.582127909,-0.9178720908239484,188.71787188015878
pool_6418_L1.0,pool,6418,1.0,2443510.3961273,26564.724769707984,0.7333284,65.286,128.18621782370317,243.25032023887096,27.3097,2.0134256372548932e-08,49.66659714154634,discos,5.0,2443879.5,2443908.4037377746,28.903737774584442,369.1038727001287
pool_6418_L2.0,pool,6418,2.0,2443147.53242532,26563.62486347199,0.7124193,65.427,173.86357860016133,252.09892559317154,24.5707,2.0134256372548932e-08,49.66659714154634,discos,6.0,2443879.5,2443902.28242511,22.78242511022836,731.9675746802241
pool_6877_L0.5,pool,6877,0.5,2445340.71866163,26881.953949999184,0.7536181,64.377,51.90494462329818,247.56609091023068,21.7498,2.0134256372548932e-08,49.66659714154634,discos,4.5,2445523.5,2445514.6186613045,-8.881338695529848,182.78133836993948
pool_6877_L1.0,pool,6877,1.0,2445156.64653917,26919.5004722967,0.745496,64.5851,80.14138253280532,249.35665453716013,21.6759,2.0134256372548932e-08,49.66659714154634,discos,5.0,2445523.5,2445511.046538848,-12.453461152035743,366.85346083017066
pool_6877_L2.0,pool,6877,2.0,2444790.33777289,26921.0688563363,0.723366,64.8869,129.3137891919147,254.21837267460006,21.6158,2.0134256372548932e-08,49.66659714154634,discos,6.0,2445523.5,2445507.7877725717,-15.712227428331971,733.1622271100059
pool_10370_L0.5,pool,10370,0.5,2458314.74574458,105520.02485723418,0.9137207,64.5711,287.1645000304377,225.8503272680258,10.9736,6.207411185523574e-09,161.09775397707173,discos,4.5,2458499.5,2458474.5692271497,-24.93077285028994,184.7542554200627
pool_10370_L1.0,pool,10370,1.0,2458133.18340413,105481.29470218769,0.8723236,73.8236,298.60365511419843,226.23890899452135,359.8325,6.207411185523574e-09,161.09775397707173,discos,5.0,2458499.5,2458473.6149648107,-25.885035189334303,366.31659587007016
pool_10370_L2.0,pool,10370,2.0,2457766.3775825,105487.8578098733,0.7753616,83.3943,311.1082269775332,234.4218271243971,0.1449,6.207411185523574e-09,161.09775397707173,discos,6.0,2458499.5,2458520.229780386,20.729780386202037,733.1224174997769
pool_18111_L0.5,pool,18111,0.5,2447767.53005161,23396.21914559071,0.7210405,47.0024,225.44756710900432,221.30325145219447,44.7203,2.6151636143396118e-08,38.238525288312516,discos,4.5,2447951.5,2447839.230051343,-112.26994865713641,183.9699483900331
pool_18111_L1.0,pool,18111,1.0,2447571.91446209,23976.20120085901,0.7207185,47.5886,280.43652643824,168.76635656749735,214.1708,2.6151636143396118e-08,38.238525288312516,discos,5.0,2447951.5,2447822.71446179,-128.7855382100679,379.58553790999576
pool_18111_L2.0,pool,18111,2.0,2447220.36266546,24031.247563610417,0.7207775,47.6697,20.31819527806646,74.72932763798187,348.2897,2.6151636143396118e-08,38.238525288312516,discos,6.0,2447951.5,2447835.719906472,-115.78009352786466,731.1373345400207
pool_27542_L0.5,pool,27542,0.5,2455318.75,82090.81411814055,0.8910076,89.6002,349.8088177582206,249.2828362194685,359.1461,2.1354139163094313e-08,46.82932860755486,discos,4.5,2455503.5,2455522.544100822,19.04410082194954,184.75
pool_27542_L1.0,pool,27542,1.0,2455137.29166667,82089.09279176923,0.8640839,92.1435,357.816445619775,254.55369076405952,357.3016,2.1354139163094313e-08,46.82932860755486,discos,5.0,2455503.5,2455512.3767107003,8.876710700336844,366.2083333302289
pool_27542_L2.0,pool,27542,2.0,2454771.75,82087.008343339,0.8131579,94.2507,10.249509117813107,265.46496404452915,1.555,2.1354139163094313e-08,46.82932860755486,discos,6.0,2455503.5,2455512.9026012025,9.40260120248422,731.75
pool_27963_L0.5,pool,27963,0.5,2453216.02155286,15254.396299499122,0.5535477,65.0063,0.030784172968577096,66.09926377587853,341.0149,1.32e-09,757.5757575757576,satcat_rcs,4.5,2453408.5,,,192.47844714019448
pool_27963_L1.0,pool,27963,1.0,2453042.98959023,16048.348835458315,0.5572891,65.157,57.96190219277821,72.26616413926436,339.2959,1.32e-09,757.5757575757576,satcat_rcs,5.0,2453408.5,,,365.5104097700678
