norad,name,max_descent_km_per_day,max_descent_per_day_over_a
32971,32971 Cosmos1409 deb,173.40900793078097,0.006514935657686299
27976,27976 SL-12 deb,11.09938067442281,0.0009016999779079996
34201,SL-12 DEB,8.584387513930794,0.0006640701744147465
41561,41561 SL-12 deb,10.286323146575523,0.0006575878719692753
37798,37798 ExpressAM-4,10.568943708221846,0.0006272083500171023
20352,GRANAT,64.30716210060976,0.0005946683186999522
5988,DELTA 1 DEB *,7.831710434880946,0.0004810570892423116
41695,41695 SL-12 deb,7.267997059276998,0.0004679954675198778
28260,SL-12 DEB,6.3916989658181285,0.0004014701838298536
3145,ATLAS AGENA D R/B,27.87393400693448,0.00035091517355602294
879,879 OGO1,27.18169931150575,0.0003362805441805882
10370,PROGNOZ 6,34.11099447217245,0.00032335231034138085
26463,26463 ClusterII-FM5,22.752341879503366,0.00030225650107142555
45495,45495 SL-12 deb,4.578685817265371,0.0002978945333157557
27963,SL-12 DEB,4.744809812341752,0.0002975336419983469
3138,3138 OGO5,21.957327929632083,0.0002748158838106044
29462,SL-12 DEB,3.3609186552215156,0.00026900582167508973
44590,44590 CZ-3A deb,3.231547426048822,0.0002592477975992368
27967,SL-12 DEB,3.431097316872365,0.00023459728632598055
21935,21935 SL-12 deb,3.5328360051169057,0.00023352257165940545
10422,ISEE 1,15.280291911510297,0.00020240387509776493
10423,ISEE 2,15.264107262650032,0.00020218959510221607
28589,28589 SL-12 deb,2.7460650568187095,0.00020139281976707163
27542,SL-12 R/B(2),13.65407787548508,0.0001663413560623834
57804,57804 H-2A R/B,7.6553234610418714,0.00013704241966835487
41686,41686 SL-12 deb,1.9902861713497715,0.0001266222255479053
832,832 SL-3 R/B,4.881044176933089,0.0001225103213028901
42977,42977 SL-12 deb,1.928428610034007,0.00012242998207782075
39501,FALCON 9 R/B,6.162454362392585,0.00012002944097912095
6031,MOLNIYA 2-2,3.0639894259292455,0.00011512179972059148
28140,28140 Doublestar TC-1,5.080627002370572,0.00011016352137744214
830,830 Elektron4,4.357870004554313,0.00010968958819011563
2822,MOLNIYA 1-5,2.7596872972228237,0.00010450902602625144
30799,30799 Delta2 R/B,5.076302316332173,0.0001030904867042752
43685,43685 SL-12 deb,1.6618813812872608,0.00010243023171305714
45036,45036 SL-12 deb,1.6446782712135548,0.00010170794736322971
27882,27882 Cosmos903 deb,2.7252736303780085,0.00010164105694201051
9892,COSMOS 862 DEB,2.6551524628001366,0.00010004845999132091
11550,11550 Molniya debris,2.6045450877470406,9.752568871855835e-05
14301,COSMOS 1456 DEB,2.5733287081932756,9.68134152589999e-05
28141,28141 CZ-2C R/B,4.424757013333874,9.537346081186078e-05
2805,2805 Cosmos159,3.4243101013035053,9.288784982062944e-05
2924,2924 SL-6 R/B(2),3.376651661856219,9.175036412279928e-05
4779,MOLNIYA 1-16,2.4329925919925546,9.160477255921578e-05
48090,48090 Cosmos1024 deb,2.0715668330346184,7.79233688936793e-05
45349,45349 SL-12 deb,1.1685293247665869,7.744157697523638e-05
48264,48264 Cosmos1261 deb,2.037917672460056,7.692508464974182e-05
48259,48259 Cosmos1124 deb,2.010600950866183,7.651618527353268e-05
27901,27901 Cosmos1261 deb,1.9832363068218304,7.481268600507092e-05
4336,MOLNIYA 1-13,1.9834931353338106,7.470949092582341e-05
27902,27902 Cosmos1261 deb,1.9611015705582304,7.40115381824599e-05
13112,13112 SL-6 R/B(2),1.967298209233968,7.30954111999646e-05
41688,41688 SL-12 deb,1.1683420234329787,7.277612398950227e-05
7352,7352 Cosmos665,1.9224471633320113,7.233323780110827e-05
6231,MOLNIYA 1-21,1.9092591518263664,7.190155293194593e-05
5367,MOLNIYA 1-18,1.874043747013502,7.056994491454232e-05
6877,MOLNIYA 2-7,1.88204279638594,6.990867841545701e-05
6418,MOLNIYA 2-5,1.8051212046218703,6.795755053741714e-05
18983,18983 SL-6 R/B(2),1.7865845388282195,6.641828376965304e-05
32977,32977 Cosmos1109 deb,1.740413236673218,6.500559620490954e-05
8844,8844 SL-6 R/B(2),1.7240998142252768,6.399047027351035e-05
6932,MOLNIYA 1-25,1.6658317436502632,6.272905183762064e-05
21962,21962 SL-6 deb,1.6204711587170701,6.208932159715743e-05
41679,41679 SL-12 deb,0.9841980428523585,6.125609724212655e-05
27906,27906 Cosmos1481 deb,1.5895220749473082,6.072407565124154e-05
6034,SL-6 R/B(2),1.541060928669064,5.878027610240463e-05
36518,36518 Breeze-M deb tank,1.3560757761141606,5.772827370089079e-05
42908,42908 BreezeM deb tank,1.3628974866271164,5.768865337913232e-05
41553,FALCON 9 R/B,2.935937568736714,5.699339124439687e-05
5620,MOLNIYA 2-1,1.479833777236066,5.572308993161264e-05
18635,SL-12 R/B(AUX MOTOR),1.3232751660855986,5.512232579730534e-05
19881,19881 Cosmos931 deb,1.4123054344155965,5.47675866073322e-05
39461,FALCON 9 R/B,2.459274683101891,5.321273776909091e-05
44911,44911 CZ-5 R/B,2.2999234251766514,5.308679089524894e-05
6294,MOLNIYA 1-22,1.3917643296798208,5.239986485178774e-05
4570,4570 SL-6 R/B(2),1.365368208728963,5.20596004118719e-05
11860,SL-12 R/B(AUX MOTOR),1.2805903470883095,5.169073661655476e-05
4829,MOLNIYA 1-17,1.3610483686726487,5.1255651404996746e-05
6356,MOLNIYA 1-23,1.3528579656527806,5.094908924417677e-05
20372,SL-12 R/B(AUX MOTOR),1.2519114133667244,5.057168928141696e-05
59347,59347 GTO R/B,1.8459561196520857,5.0506298066674926e-05
18111,SL-12 R/B(AUX MOTOR),1.178310813110526,4.925380342363363e-05
16733,SL-12 R/B(AUX MOTOR),1.1920420418426754,4.9112864083693994e-05
14166,SL-12 R/B(AUX MOTOR),1.2113932417799183,4.8900752723302914e-05
18636,SL-12 R/B(AUX MOTOR),1.1725889179647766,4.876302726316628e-05
28572,28572 SL-12 deb,0.9961514630278846,4.852530708219419e-05
27035,27035 Ariane2 deb,1.1361593226224158,4.724513576549356e-05
45494,45494 SL-12 deb,0.7555682990244804,4.7144273346238854e-05
15160,SL-12 R/B(AUX MOTOR),1.1482851898695723,4.691633736763261e-05
12013,SL-12 R/B(AUX MOTOR),1.14764105275367,4.6915160871992763e-05
18447,SL-12 R/B(AUX MOTOR),1.1449685313626408,4.681225875869893e-05
23647,23647 Titan34B deb,1.0044628537850713,4.635596854800567e-05
18448,SL-12 R/B(AUX MOTOR),1.1274857266697533,4.602317822904792e-05
11802,SL-12 R/B(AUX MOTOR),1.1397921566550395,4.591771288022191e-05
11923,SL-12 R/B(AUX MOTOR),1.110647093797085,4.5803041036672495e-05
35009,35009 Fregat R/B,1.0823382005876434,4.524326247487173e-05
11914,SL-12 R/B(AUX MOTOR),1.0915781911672184,4.4957979386930025e-05
6208,MOLNIYA 2-3,1.1930356881593829,4.4914916850757124e-05
21024,SL-12 R/B(AUX MOTOR),1.0792859970998203,4.418333790771195e-05
13676,SL-12 R/B(AUX MOTOR),1.0761777110081918,4.334989678662597e-05
21740,SL-12 R/B(AUX MOTOR),1.0733134906458266,4.326801337783231e-05
38587,BREEZE-M DEB,0.835968406847572,4.190141096391434e-05
56758,FALCON 9 R/B,1.5550112916415855,4.1660237286183985e-05
39802,39802 SL-12 deb,0.6559100413582958,4.1429737274041994e-05
23126,23126 STRV1B,0.8612845216193971,4.016247178187308e-05
14829,SL-12 R/B(AUX MOTOR),0.9701693984694582,4.008367899443793e-05
29202,29202 Cosmos1261 deb,1.0223617199427282,3.84800053756765e-05
3619,COSMOS 260,0.9997134938002697,3.783928749155421e-05
21764,SL-12 R/B(AUX MOTOR),0.922042198627014,3.769111323719206e-05
44482,44482 TDO spacecraft,0.8841646738193807,3.672710601685623e-05
42979,SL-12 DEB,0.5836379590049091,3.628027481693161e-05
42985,FALCON 9 R/B,1.13695116374732,3.607278650408086e-05
45499,45499 SL-12 deb,0.5548203126025025,3.382617539154376e-05
45497,SL-12 DEB,0.49321532368057885,3.0797327293471774e-05
32491,32491 BreezeM deb,0.4027012498216512,3.0334567830722046e-05
6308,MOLNIYA 2-4,0.7604363807931046,2.8634365131169997e-05
13913,SL-12 R/B(AUX MOTOR),0.5740364282704832,2.81657735541253e-05
7248,SL-12 R/B(AUX MOTOR),0.6810743221033742,2.8041032605376083e-05
40943,40943 GTO debris,0.6383310838322813,2.6791936193564916e-05
27790,27790 Titan3C TS deb,0.5483499813420318,2.5422720857966683e-05
45493,45493 SL-12 deb,0.38817900107210335,2.4391917302180047e-05
5689,SL-6 R/B(2),0.5371443806030584,2.049890631954823e-05
27526,27526 Ariane 5 R/B,0.2953187142548965,1.8254177359392863e-05
35497,35497 Ariane 5 ESC-A,0.30289490632914445,1.8204172832364123e-05
29473,SL-12 DEB,0.20162174933584537,1.615756643603688e-05
6815,SL-6 R/B(2),0.19615924188377296,7.671406073626837e-06
8415,SL-12 R/B(AUX MOTOR),0.1741311891011416,7.131147141103873e-06
44187,FALCON 9 R/B,0.2851937874693552,5.558882394368926e-06
13885,SL-12 R/B(AUX MOTOR),0.09225460297420796,3.8037333929432395e-06
14828,SL-12 R/B(AUX MOTOR),0.0047695114633521975,1.962355679686466e-07
41693,41693 SL-12 deb,0.0011824889483250446,7.383491642350017e-08
37819,37819 Proton-M R/B,0.0,0.0
60328,60328 CZ-3B R/B,0.0,0.0
37151,37151 Long March 3B,0.0,0.0
39615,39615 Proton-M Briz-M,0.0,0.0
8529,8529 SL-6 R/B(2),0.0,0.0
43670,43670 SL-12 deb,0.0,0.0
4431,4431 SL-6 R/B(2),0.0,0.0
4049,4049 SL-6 R/B(2),0.0,0.0
6741,SL-6 R/B(2),0.0,0.0
10724,10724 AtlasCentaur deb,0.0,0.0
7249,SL-12 R/B(AUX MOTOR),0.0,0.0
27900,COSMOS 1217 DEB,0.0,0.0
14095,EXOSAT,0.0,0.0
8414,SL-12 R/B(AUX MOTOR),0.0,0.0
6805,MOLNIYA 1-24,0.0,0.0
20354,SL-12 R/B,0.0,0.0
