norad,lead_yr,horizon_d,hp0,err_d,fc_horizon_d
8844,0.25,94.78366521978751,132.83280343926253,-62.612303090281785,32.171362129505724
8844,0.5,183.4557195501402,256.26700148982945,-57.663186378311366,125.79253317182884
8844,1.0,367.5734283500351,440.25585209792644,-53.87342854542658,313.6999998046085
8844,2.0,731.502132659778,487.00064100422514,-58.502132853493094,672.9999998062849
8844,4.0,1465.622669280041,285.4802448591936,-36.02266947599128,1429.5999998040497
9269,0.25,96.47110449010506,187.37284720244406,-19.521104699466377,76.94999979063869
9269,0.5,186.0661359000951,307.9203549923486,-18.11613610945642,167.94999979063869
9269,1.0,366.09253720007837,509.81530178794856,-20.819393692538142,345.2731435075402
9269,2.0,732.9148291698657,630.9518256903075,-20.11482937866822,712.7999997911975
9269,4.0,1461.7071289098822,188.95815413879973,-21.690681947860867,1440.0164469620213
11073,0.25,92.33539739996195,154.3570803838047,-26.43539764545858,65.89999975450337
11073,0.5,190.34420285001397,237.5399022063384,-20.244203119538724,170.09999973047525
11073,1.0,365.7815277501941,302.42670669004656,-28.55810565734282,337.22342209285125
11073,2.0,730.5540682300925,231.5578176398958,6.045931507833302,736.5999997379258
11073,4.0,1471.0041398298927,436.9393570419261,-44.504140104632825,1426.4999997252598
7480,0.25,93.07014334015548,130.69988226668374,-16.261259933933616,76.80888340622187
7480,0.5,211.3636829201132,227.09398150681227,15.886316579766572,227.24999949987978
7480,1.0,370.79913794994354,366.3654806378263,11.550861538387835,382.3499994883314
7480,2.0,739.6335237901658,893.7835921746346,35.36647567152977,774.9999994616956
7480,4.0,1461.4276664000936,1866.1391759201697,42.27233302081004,1503.6999994209036
8833,0.25,94.58729843003675,191.65577204290457,-23.08729861630127,71.49999981373549
8833,0.5,183.14808403979987,311.4227294577313,-27.817909689620137,155.33017435017973
8833,1.0,369.1506883301772,533.4621537959711,-10.343360315077007,358.8073280151002
8833,2.0,734.3551840297878,595.8961874069182,-2.5051842145621777,731.8499998152256
8833,4.0,1465.8697493900545,345.3431774949622,-0.01974957389757037,1465.849999816157
14297,0.25,95.39726612018421,403.2194425401394,95.1027337233536,190.4999998435378
14297,0.5,183.22332216007635,413.83086614662534,23.126677678432316,206.34999983850867
14297,1.0,366.41952770994976,620.4764959498525,0.2804721253924072,366.69999983534217
14297,2.0,831.8058439102024,1116.9320260778404,18.84415592532605,850.6499998355284
14297,4.0,1466.995594880078,1740.4903893542942,15.054404955822974,1482.049999835901
7903,1.0,369.8330654199235,147.86051863448392,-232.67670859768987,137.15635682223365
7903,2.0,732.484030439984,529.2023505850439,-246.70127634704113,485.7827540929429
7903,4.0,1464.2099615298212,1556.746786366747,-211.90996217355132,1252.2999993562698
7641,0.25,94.92044954979792,115.38832586883655,-66.77044965466484,28.149999895133078
7641,0.5,185.76818308001384,179.8618250780437,-61.41253991331905,124.35564316669479
7641,1.0,380.34419459011406,445.05043456248677,-7.2941949581727386,373.0499996319413
7641,2.0,733.2324602701701,926.6282154421706,-36.01825293991715,697.214207330253
7641,4.0,1461.4870599498972,1792.1218571018526,-31.53706033527851,1429.9499996146187
7653,0.25,93.07303244015202,112.25764478816563,-69.92303252639249,23.14999991375953
7653,0.5,185.69795926008373,235.4124767258154,-9.079273615498096,176.61868564458564
7653,1.0,367.9650182798505,415.6528313978106,-32.06501862592995,335.89999965392053
7653,2.0,734.6793144801632,1013.3915297051553,-8.729314838536084,725.9499996416271
7653,4.0,1468.6073683099821,1929.541386650414,-11.607368658296764,1456.9999996516854
8187,0.25,209.54000000981614,121.14942939054708,-166.34000017074868,43.19999983906746
8187,0.5,209.54000000981614,121.14942939054708,-166.34000017074868,43.19999983906746
8187,1.0,367.761039160192,233.3058153805714,-180.01103954203427,187.74999961815774
8187,2.0,733.5775180398487,749.1359702391228,-123.02751845354214,610.5499995863065
8187,4.0,1466.3216755199246,1725.361746366013,-156.12167592858896,1310.1999995913357
9411,0.25,93.3060686700046,171.19859026324684,-1.2060689711943269,92.09999969881028
9411,0.5,182.7371717300266,271.4332379730122,-2.3070462034083903,180.4301255266182
9411,1.0,365.9595562899485,558.5502718615126,5.790443418547511,371.74999970849603
9411,2.0,731.9972777599469,1132.4914616187134,1.5527219492942095,733.5499997092411
9411,4.0,1469.6607784000225,1335.3864902892583,50.639221286866814,1520.2999996868894
9574,0.25,91.55759012000635,209.21015327518944,-10.453679614234716,81.10391050577164
9574,0.5,183.18885857006535,336.11760244463767,-21.245714159682393,161.94314441038296
9574,1.0,366.62454487988725,603.0895665985263,-18.474545061122626,348.1499998187646
9574,2.0,731.5002756197937,868.7168281696404,8.899724197108299,740.399999816902
9574,4.0,1462.628869430162,562.8686853995505,51.5524909151718,1514.1813603453338
10605,0.25,92.78975640004501,117.28043580135818,-47.839756567496806,44.9499998325482
10605,0.5,183.2380187199451,178.06896588421296,14.911980662029237,198.14999938197434
10605,1.0,368.3329542200081,304.66067978300543,-18.582954774145037,349.74999944586307
10605,2.0,732.6468179700896,736.3767869532794,-13.372211922425777,719.2746060476638
10605,4.0,1462.4071483202279,1982.840665612447,46.99285113066435,1509.3999994508922
10802,0.25,92.21007434977219,121.75402232021952,-40.24476786470041,51.96530648507178
10802,0.5,182.68606043979526,176.0298885789789,-35.536060898564756,147.1499995412305
10802,1.0,369.88213491020724,339.99137254781454,-30.03213535482064,339.8499995553866
10802,2.0,732.0946673201397,791.0539944452985,-16.094667779281735,715.999999540858
10802,4.0,1477.965956280008,2101.669299608876,28.334043262526393,1506.2999995425344
11602,0.25,95.55700937006623,130.9489350762642,-63.107009490951896,32.44999987911433
11602,0.5,184.7542041200213,261.86237881226316,-52.73674049647525,132.01746362354606
11602,1.0,370.70805520983413,485.0165848692768,-52.92287108814344,317.7851841216907
11602,2.0,733.0254708197899,661.625843108779,-62.589499646332115,670.4359711734578
11602,4.0,1463.8631262998097,455.6923304499787,-60.16312650637701,1403.6999997934327
13107,0.25,95.29263423988596,146.4601919701663,-16.729035332798958,78.563598907087
13107,0.5,188.11037222994491,244.4470732278969,4.043953147251159,192.15432537719607
13107,1.0,368.256849499885,433.3179551174544,-5.156849856954068,363.0999996429309
13107,2.0,733.6287084100768,1006.0033337500226,7.996639509219676,741.6253479192965
13107,4.0,1463.9115560199134,1934.2008449998839,20.288443612400442,1484.1999996323138
15030,0.25,93.14167007012293,212.2515419119718,-17.547300950158387,75.59436911996454
15030,0.5,186.80020035989583,351.56956745458956,-25.150200524367392,161.64999983552843
15030,1.0,365.96919440012425,625.2954432777897,-9.719194564968348,356.2499998351559
15030,2.0,739.0541237401776,947.8478161491475,-20.704123905394226,718.3499998347834
15030,4.0,1461.6861775200814,1426.7038982723507,-37.73617768473923,1423.9499998353422
