norad,lead_yr,i,e,hp0,B_src,fc_horizon_d,err_d
39615,0.5,48.4294,0.3277103,140.26084645141782,discos,140.44999947678298,-42.971332433167845
39615,1.0,48.4873,0.4262204,142.30048400184842,discos,242.24999909754843,-123.00234732264653
39615,2.0,48.6171,0.6212325,136.54585192145169,discos,231.74999913666397,-498.8564238632098
37819,1.0,63.3225,0.3951456,145.9034559691172,discos,101.64999962132424,-264.0252270884812
11550,0.5,62.2703,0.7523083,181.49744574143642,discos,170.29999949410558,-12.637399516068399
11550,1.0,62.6548,0.7493316,312.07769963620285,discos,346.2999995071441,-19.134019813034683
11550,2.0,63.0078,0.736686,653.377833633228,discos,732.7499994859099,1.9336414458230138
35009,0.5,63.3475,0.7217707,277.79489395190285,discos,160.90691578341648,-23.70149223646149
35009,1.0,63.3928,0.7164418,405.7460047033992,discos,333.29999978560954,-32.44930825429037
35009,2.0,63.7318,0.7162335,410.87860243312116,discos,695.9999997857958,-36.74266525404528
48259,0.5,62.4962,0.7395557,460.280400331756,satcat_rcs,254.99999976623803,21.35096141602844
48259,1.0,62.4441,0.7309228,692.1951762949348,satcat_rcs,394.74999977089465,25.245632040780038
48259,2.0,63.7604,0.7120433,1188.4126281031913,satcat_rcs,750.799999775365,17.253550895489752
27906,0.5,64.3856,0.7442,308.1522707737977,satcat_rcs,,
27906,1.0,64.749,0.7381096,475.5287964073714,satcat_rcs,,
27906,2.0,65.5098,0.7277436,747.7158825029792,satcat_rcs,,
27882,0.5,62.6389,0.7477872,268.68172343300375,satcat_rcs,260.79999956395477,78.0626095738262
27882,1.0,63.1028,0.7472179,395.42878889126496,satcat_rcs,415.6464607301168,48.9557478800416
27882,2.0,63.4494,0.7366618,681.9586862524866,satcat_rcs,806.1499995794147,75.489446609281
45349,0.5,64.1702,0.45841,241.91049287442365,satcat_rcs,,
45349,1.0,64.2476,0.563925,339.69892143043853,satcat_rcs,1146.785843658261,779.1149388882332
45349,2.0,64.5839,0.5833396,375.80649532498046,satcat_rcs,1406.8499975176528,675.6680521476083
21935,0.5,52.4849,0.4063485,386.193570028232,satcat_rcs,,
21935,1.0,52.3158,0.4122902,539.8235907363087,satcat_rcs,,
21935,2.0,52.4964,0.4526869,608.0425036120159,satcat_rcs,,
48264,0.5,62.377,0.7486844,261.0960515828565,satcat_rcs,215.19999962020665,29.561173310037702
48264,1.0,62.48,0.7419037,460.4723745865358,satcat_rcs,398.5999996243045,31.911399664357305
48264,2.0,62.6374,0.7209255,1014.8137947717833,satcat_rcs,768.0499996216968,35.2719945916906
29202,1.0,61.3126,0.7190539,187.4703643541734,satcat_rcs,233.2499993732199,-132.0604895367287
29202,2.0,63.0389,0.7433923,419.65131364543504,satcat_rcs,554.7499994607642,-177.19314919924363
48090,0.5,61.8568,0.7485711,180.16105329302172,satcat_rcs,130.57611359562725,-52.24289002455771
48090,1.0,62.0365,0.746477,358.94760933773614,satcat_rcs,312.2499996237457,-53.30963085638359
48090,2.0,62.4825,0.7272733,856.1391755863588,satcat_rcs,716.7279907148331,-16.675620744936168
27902,0.5,62.2493,0.7489141,262.62547893419105,satcat_rcs,211.79999962449074,28.39885983429849
27902,1.0,62.3965,0.7411245,481.4753815695294,satcat_rcs,402.2324307258241,35.68934083590284
27902,2.0,62.4485,0.718022,1096.1886276938521,satcat_rcs,785.6499996259809,49.86359037598595
27901,0.5,62.2956,0.7483831,278.52289271605787,satcat_rcs,211.2610601480119,28.489879628177732
27901,1.0,62.3867,0.741127,485.4645725598075,satcat_rcs,388.6499996930361,22.648856192827225
27901,2.0,62.5193,0.7174861,1112.5253426529616,satcat_rcs,787.4999996908009,56.58340206090361
18983,0.5,61.9893,0.7518231,293.1704482684754,discos,151.89053091173992,-30.774814168456942
18983,1.0,62.0439,0.7452115,473.70593142600046,discos,329.19999980647117,-37.298203873448074
18983,2.0,62.2495,0.741738,567.9264226813366,discos,697.0999998059124,-36.17145547410473
832,0.5,65.905,0.8213328,740.2881066091431,discos,142.39999993424863,-41.29288754565641
832,1.0,66.0031,0.8016073,1526.1795758328626,discos,317.7272653058171,-49.164178994018584
832,2.0,66.4403,0.7682372,2855.6703670833713,discos,675.9960946734063,-60.03232308663428
13112,0.5,64.2762,0.7553901,180.57731242487444,discos,107.19999968353659,-76.1689206766896
13112,1.0,64.604,0.7482694,396.0883126309236,discos,302.6499996855855,-65.92238510446623
13112,2.0,64.9487,0.7273927,958.8083135998131,discos,671.749999682419,-59.92870953772217
2924,0.5,52.516,0.8121124,536.5652053526419,discos,144.39999990630895,-80.03608670365065
2924,1.0,53.2515,0.8018715,913.4621336536356,discos,281.22005494777113,-92.72454353235662
2924,2.0,54.7328,0.785713,1508.0920332933947,discos,654.5693236198276,-88.31404106039554
8529,0.5,64.0231,0.755353,189.04294739509987,discos,115.49999968148768,-76.27406809851527
8529,1.0,64.2106,0.7437324,511.3397448105652,discos,368.54999967943877,-23.63167268037796
8529,2.0,64.3222,0.7170816,1227.9278685969066,discos,824.949999650009,74.30253008008003
2805,0.5,53.153,0.8036746,856.45210683817,discos,258.1290140445344,64.0666731344536
2805,1.0,53.8385,0.7938111,1219.903455763243,discos,412.22916904464364,44.76160484459251
2805,2.0,54.8269,0.7840113,1581.0763872141197,discos,860.2564215608872,121.45039363065735
830,0.5,65.8748,0.8167823,900.9801864293249,discos,178.0792386890389,-12.32075658114627
830,1.0,65.9763,0.7981409,1641.550651557969,discos,344.2639925060794,-22.174011203926057
830,2.0,66.4454,0.7643621,2983.544198583023,discos,704.7376967668533,-27.450894113164395
7352,0.5,62.5279,0.7430374,444.6587805919635,discos,214.04999983403832,21.74538428382948
7352,1.0,63.2908,0.7329409,708.0097831404428,discos,395.9999998342246,29.401471194345504
7352,2.0,65.0711,0.716793,1140.4045824286768,discos,799.9999998342246,45.95839576423168
3138,1.0,46.574,0.8697802,4026.5526733449706,discos,354.4895295575261,-11.510470442473888
3138,2.0,49.7444,0.7729846,11760.644628761354,discos,736.6234755567275,1.165142226498574
879,0.5,67.9669,0.8732566,3862.5440288533855,discos,276.98232675204054,93.866749281995
879,1.0,72.5612,0.8455139,6108.35551116696,discos,399.20080382563174,33.48739794548601
879,2.0,81.405,0.7402306,14619.829534770142,discos,793.0210467982106,59.47119413828477
26463,0.5,153.3651,0.9034661,790.1145605023403,discos,127.98929329263046,-55.10941242752597
26463,1.0,152.6235,0.8790576,2602.5424402697527,discos,,
26463,2.0,145.9497,0.7999769,8177.833060102616,discos,,
42908,0.5,48.2078,0.7171639,322.57916119390393,discos,194.32406441587955,10.927349445875734
42908,1.0,48.5358,0.7108488,475.867279010894,discos,376.79999975673854,11.42597804684192
42908,2.0,48.6609,0.7140472,404.7860845477571,discos,739.8499997612089,8.623011391144246
3145,2.0,48.9611,0.767253,12109.647640831303,discos,802.8726991852745,70.91436585504562
9892,0.5,64.0828,0.745937,367.1059614693622,default,,
9892,1.0,64.2108,0.7435373,426.5388592641266,default,,
9892,2.0,64.5222,0.7295558,805.5310425076314,default,,
20352,0.5,69.679,0.8608549,8670.655058174587,discos,251.06245495704934,55.31971715716645
20352,1.0,74.386,0.7913487,16192.495771015721,discos,423.6923289638944,55.73491146368906
20352,2.0,85.418,0.4295608,55329.744939983146,discos,1290.5720244548284,514.5720244548284
4336,0.5,65.0237,0.7417954,479.47458118242776,discos,221.1245420188643,37.87301470898092
4336,1.0,65.0343,0.7307441,770.8845940816764,discos,413.7979429550469,31.12435703491792
4336,2.0,65.1626,0.7247732,931.5470636555001,discos,739.1208847500384,6.534459140151739
4779,0.5,65.2634,0.7457986,370.14917620737106,discos,207.5136459846981,20.331680154893547
4779,1.0,65.413,0.7347404,668.318937186702,discos,392.6499997731298,17.63644613325596
4779,2.0,65.5553,0.7134697,1230.8948954272464,discos,748.599999781698,6.698918871581554
5367,0.5,65.1678,0.7458914,369.2690395927402,discos,214.6499997684732,30.384431208483875
5367,1.0,65.3034,0.7336705,694.3919017994158,discos,412.4553478206508,42.768809100613
5367,2.0,65.4585,0.7113667,1287.1746127163278,discos,763.299999775365,26.748336845543236
6208,0.5,65.1988,0.7458626,368.70323924206787,discos,215.249999769032,32.44452345883474
6208,1.0,65.3388,0.7342578,680.2423477723096,discos,414.7499997643754,47.55182002438232
6208,2.0,65.4986,0.7124309,1260.2572933475676,discos,780.2499997699633,42.20850826008245
6231,0.5,64.477,0.7478361,317.1826628485378,discos,201.49999979883432,15.261779598891735
6231,1.0,64.6671,0.744677,401.8529589151549,discos,372.999999797903,7.384604767896235
6231,2.0,65.412,0.7472618,332.4712520554622,discos,724.449999794364,-9.013071125838906
6418,0.5,65.1392,0.7464167,352.8271889959269,discos,187.79999978933483,-0.9178720908239484
6418,1.0,65.286,0.7333284,705.92065789766,discos,398.00761047471315,28.903737774584442
6418,2.0,65.427,0.7124193,1261.0488327746798,discos,754.7499997904524,22.78242511022836
6877,0.5,64.377,0.7536181,245.08988991330534,discos,173.89999967440963,-8.881338695529848
6877,1.0,64.5851,0.745496,472.98354820139775,discos,354.3999996781349,-12.453461152035743
6877,2.0,64.8869,0.723366,1069.1459620037376,discos,717.449999681674,-15.712227428331971
10370,0.5,64.5711,0.9137207,2726.05688066476,discos,159.82348256977275,-24.93077285028994
10370,1.0,73.8236,0.8723236,7089.334974914399,discos,340.43156068073586,-25.885035189334303
10370,2.0,83.3943,0.7753616,17318.486597837444,discos,753.852197885979,20.729780386202037
18111,0.5,47.0024,0.7210405,148.46059474441245,discos,71.69999973289669,-112.26994865713641
18111,1.0,47.5886,0.7207185,317.9724356777051,discos,250.79999969992787,-128.7855382100679
18111,2.0,47.6697,0.7207775,331.9280228302114,discos,615.357241012156,-115.78009352786466
27542,0.5,89.6002,0.8910076,2569.137848690022,discos,203.79410082194954,19.04410082194954
27542,1.0,92.1435,0.8640839,4779.0923447953855,discos,375.08504403056577,8.876710700336844
27542,2.0,94.2507,0.8131579,8959.17202158698,discos,741.1526012024842,9.40260120248422
27963,0.5,65.0063,0.5535477,432.2233130228724,satcat_rcs,,
27963,1.0,65.157,0.5572891,726.6419564597036,satcat_rcs,,
