norad,name,type,incl_deg,decay,lead_days,cutoff,n_tle_total,n_tle_kept,first_tle,last_kept_tle,last_tle_to_decay_days,run_idx
35497,ARIANE 5 R/B,ROCKET BODY,5.78,2016-10-31,30,2016-10-01,1547,1478,2013-10-16,2016-09-29,-0.3,1
35497,ARIANE 5 R/B,ROCKET BODY,5.78,2016-10-31,90,2016-08-02,1547,1390,2013-10-16,2016-08-01,-0.3,2
35497,ARIANE 5 R/B,ROCKET BODY,5.78,2016-10-31,180,2016-05-04,1547,1168,2013-10-16,2016-05-03,-0.3,3
35497,ARIANE 5 R/B,ROCKET BODY,5.78,2016-10-31,365,2015-11-01,1547,789,2013-10-16,2015-10-31,-0.3,4
37151,CZ-3B R/B,ROCKET BODY,24.68,2015-12-04,30,2015-11-04,2986,2893,2011-05-02,2015-11-03,0.3,5
37151,CZ-3B R/B,ROCKET BODY,24.68,2015-12-04,90,2015-09-05,2986,2720,2011-05-02,2015-09-04,0.3,6
37151,CZ-3B R/B,ROCKET BODY,24.68,2015-12-04,180,2015-06-07,2986,2510,2011-05-02,2015-06-06,0.3,7
37151,CZ-3B R/B,ROCKET BODY,24.68,2015-12-04,365,2014-12-04,2986,2097,2011-05-02,2014-12-03,0.3,8
27526,PSLV R/B,ROCKET BODY,17.66,2012-05-09,30,2012-04-09,1343,1243,2009-12-07,2012-04-08,-0.5,9
27526,PSLV R/B,ROCKET BODY,17.66,2012-05-09,90,2012-02-09,1343,1101,2009-12-07,2012-02-08,-0.5,10
27526,PSLV R/B,ROCKET BODY,17.66,2012-05-09,180,2011-11-11,1343,929,2009-12-07,2011-11-10,-0.5,11
27526,PSLV R/B,ROCKET BODY,17.66,2012-05-09,365,2011-05-10,1343,652,2009-12-07,2011-05-07,-0.5,12
37819,MINOTAUR 4 R/B,ROCKET BODY,63.02,2013-09-13,30,2013-08-14,1894,1792,2011-09-27,2013-08-13,0.2,13
37819,MINOTAUR 4 R/B,ROCKET BODY,63.02,2013-09-13,90,2013-06-15,1894,1649,2011-09-27,2013-06-14,0.2,14
37819,MINOTAUR 4 R/B,ROCKET BODY,63.02,2013-09-13,180,2013-03-17,1894,1419,2011-09-27,2013-03-16,0.2,15
37819,MINOTAUR 4 R/B,ROCKET BODY,63.02,2013-09-13,365,2012-09-13,1894,901,2011-09-27,2012-09-12,0.2,16
59347,FALCON 9 R/B,ROCKET BODY,23.31,2026-06-08,30,2026-05-09,1018,996,2024-03-31,2026-04-20,1.8,17
59347,FALCON 9 R/B,ROCKET BODY,23.31,2026-06-08,90,2026-03-10,1018,963,2024-03-31,2026-03-06,1.8,18
59347,FALCON 9 R/B,ROCKET BODY,23.31,2026-06-08,180,2025-12-10,1018,874,2024-03-31,2025-12-09,1.8,19
59347,FALCON 9 R/B,ROCKET BODY,23.31,2026-06-08,365,2025-06-08,1018,536,2024-03-31,2025-06-07,1.8,20
40943,ARIANE 5 DEB (SYLDA),DEBRIS,6.32,2020-02-20,30,2020-01-21,2736,2656,2015-09-30,2020-01-20,1.1,21
40943,ARIANE 5 DEB (SYLDA),DEBRIS,6.32,2020-02-20,90,2019-11-22,2736,2503,2015-09-30,2019-11-21,1.1,22
40943,ARIANE 5 DEB (SYLDA),DEBRIS,6.32,2020-02-20,180,2019-08-24,2736,2287,2015-09-30,2019-08-23,1.1,23
40943,ARIANE 5 DEB (SYLDA),DEBRIS,6.32,2020-02-20,365,2019-02-20,2736,1900,2015-09-30,2019-02-19,1.1,24
60328,CZ-3B R/B,ROCKET BODY,26.86,2025-04-14,30,2025-03-15,220,205,2024-08-01,2025-03-13,10.0,25
60328,CZ-3B R/B,ROCKET BODY,26.86,2025-04-14,90,2025-01-14,220,129,2024-08-01,2024-11-13,10.0,26
60328,CZ-3B R/B,ROCKET BODY,26.86,2025-04-14,180,2024-10-16,220,98,2024-08-01,2024-10-14,10.0,27
60328,CZ-3B R/B,ROCKET BODY,26.86,2025-04-14,365,2024-04-14,220,0,2024-08-01,,10.0,
18983,SL-6 R/B(2),ROCKET BODY,61.98,2002-01-23,30,2001-12-24,2500,2500,1982-10-12,2001-09-30,114.2,28
18983,SL-6 R/B(2),ROCKET BODY,61.98,2002-01-23,90,2001-10-25,2500,2500,1982-10-12,2001-09-30,114.2,29
18983,SL-6 R/B(2),ROCKET BODY,61.98,2002-01-23,180,2001-07-27,2500,2437,1982-10-12,2001-07-26,114.2,30
18983,SL-6 R/B(2),ROCKET BODY,61.98,2002-01-23,365,2001-01-23,2500,2247,1982-10-12,2001-01-22,114.2,31
13112,SL-6 R/B(2),ROCKET BODY,64.05,1992-11-14,30,1992-10-15,1304,1303,1981-08-13,1992-09-22,-224.3,32
13112,SL-6 R/B(2),ROCKET BODY,64.05,1992-11-14,90,1992-08-16,1304,1298,1981-08-13,1992-06-07,-224.3,33
13112,SL-6 R/B(2),ROCKET BODY,64.05,1992-11-14,180,1992-05-18,1304,1267,1981-08-13,1992-05-17,-224.3,34
13112,SL-6 R/B(2),ROCKET BODY,64.05,1992-11-14,365,1991-11-15,1304,1113,1981-08-13,1991-11-14,-224.3,35
28141,CZ-2C R/B,ROCKET BODY,18.77,2007-10-14,30,2007-09-14,1075,1055,2004-01-11,2007-09-12,-0.1,36
28141,CZ-2C R/B,ROCKET BODY,18.77,2007-10-14,90,2007-07-16,1075,1013,2004-01-11,2007-07-13,-0.1,37
28141,CZ-2C R/B,ROCKET BODY,18.77,2007-10-14,180,2007-04-17,1075,957,2004-01-11,2007-04-16,-0.1,38
28141,CZ-2C R/B,ROCKET BODY,18.77,2007-10-14,365,2006-10-14,1075,794,2004-01-11,2006-10-13,-0.1,39
19881,COSMOS 931 DEB *,DEBRIS,59.6,1993-03-01,30,1993-01-30,599,592,1979-08-18,1991-12-03,0.8,40
19881,COSMOS 931 DEB *,DEBRIS,59.6,1993-03-01,90,1992-12-01,599,592,1979-08-18,1991-12-03,0.8,41
19881,COSMOS 931 DEB *,DEBRIS,59.6,1993-03-01,180,1992-09-02,599,592,1979-08-18,1991-12-03,0.8,42
19881,COSMOS 931 DEB *,DEBRIS,59.6,1993-03-01,365,1992-03-01,599,592,1979-08-18,1991-12-03,0.8,43
5980,TITAN 3C TRANSTAGE DEB,DEBRIS,26.53,1976-04-12,30,1976-03-13,276,276,1971-09-12,1975-04-09,368.0,44
5980,TITAN 3C TRANSTAGE DEB,DEBRIS,26.53,1976-04-12,90,1976-01-13,276,276,1971-09-12,1975-04-09,368.0,45
5980,TITAN 3C TRANSTAGE DEB,DEBRIS,26.53,1976-04-12,180,1975-10-15,276,276,1971-09-12,1975-04-09,368.0,46
5980,TITAN 3C TRANSTAGE DEB,DEBRIS,26.53,1976-04-12,365,1975-04-13,276,276,1971-09-12,1975-04-09,368.0,47
4570,SL-6 R/B(2),ROCKET BODY,65.99,1972-05-31,30,1972-05-01,149,142,1970-10-14,1972-04-20,5.9,48
4570,SL-6 R/B(2),ROCKET BODY,65.99,1972-05-31,90,1972-03-02,149,136,1970-10-14,1972-02-01,5.9,49
4570,SL-6 R/B(2),ROCKET BODY,65.99,1972-05-31,180,1971-12-03,149,122,1970-10-14,1971-12-01,5.9,50
4570,SL-6 R/B(2),ROCKET BODY,65.99,1972-05-31,365,1971-06-01,149,77,1970-10-14,1971-05-29,5.9,51
10724,ATLAS CENTAUR DEB,DEBRIS,26.63,1982-08-31,30,1982-08-01,210,210,1978-03-15,1981-08-09,387.0,52
10724,ATLAS CENTAUR DEB,DEBRIS,26.63,1982-08-31,90,1982-06-02,210,210,1978-03-15,1981-08-09,387.0,53
10724,ATLAS CENTAUR DEB,DEBRIS,26.63,1982-08-31,180,1982-03-04,210,210,1978-03-15,1981-08-09,387.0,54
10724,ATLAS CENTAUR DEB,DEBRIS,26.63,1982-08-31,365,1981-08-31,210,210,1978-03-15,1981-08-09,387.0,55
28140,DOUBLESTAR (TC-1),PAYLOAD,18.86,2007-10-14,30,2007-09-14,1167,1150,2004-01-05,2007-09-13,-0.1,56
28140,DOUBLESTAR (TC-1),PAYLOAD,18.86,2007-10-14,90,2007-07-16,1167,1109,2004-01-05,2007-07-13,-0.1,57
28140,DOUBLESTAR (TC-1),PAYLOAD,18.86,2007-10-14,180,2007-04-17,1167,1052,2004-01-05,2007-04-16,-0.1,58
28140,DOUBLESTAR (TC-1),PAYLOAD,18.86,2007-10-14,365,2006-10-14,1167,889,2004-01-05,2006-10-13,-0.1,59
44911,CZ-5 R/B,ROCKET BODY,13.17,2022-05-04,30,2022-04-04,1021,1004,2019-12-27,2022-04-03,1.8,60
44911,CZ-5 R/B,ROCKET BODY,13.17,2022-05-04,90,2022-02-03,1021,945,2019-12-27,2022-02-02,1.8,61
44911,CZ-5 R/B,ROCKET BODY,13.17,2022-05-04,180,2021-11-05,1021,783,2019-12-27,2021-11-03,1.8,62
44911,CZ-5 R/B,ROCKET BODY,13.17,2022-05-04,365,2021-05-04,1021,463,2019-12-27,2021-04-22,1.8,63
7096,SKYNET 2A,PAYLOAD,26.55,1974-01-25,30,1973-12-26,5,0,1974-01-19,,0.8,
7096,SKYNET 2A,PAYLOAD,26.55,1974-01-25,90,1973-10-27,5,0,1974-01-19,,0.8,
7096,SKYNET 2A,PAYLOAD,26.55,1974-01-25,180,1973-07-29,5,0,1974-01-19,,0.8,
7096,SKYNET 2A,PAYLOAD,26.55,1974-01-25,365,1973-01-25,5,0,1974-01-19,,0.8,
68538,ARTEMIS 2 (INTEGRITY),PAYLOAD,29.25,2026-04-10,30,2026-03-11,13,0,2026-04-01,,-0.9,
68538,ARTEMIS 2 (INTEGRITY),PAYLOAD,29.25,2026-04-10,90,2026-01-10,13,0,2026-04-01,,-0.9,
68538,ARTEMIS 2 (INTEGRITY),PAYLOAD,29.25,2026-04-10,180,2025-10-12,13,0,2026-04-01,,-0.9,
68538,ARTEMIS 2 (INTEGRITY),PAYLOAD,29.25,2026-04-10,365,2025-04-10,13,0,2026-04-01,,-0.9,
6294,MOLNIYA 1-22,PAYLOAD,64.93,1976-02-11,30,1976-01-12,219,213,1973-01-08,1976-01-11,1.7,64
6294,MOLNIYA 1-22,PAYLOAD,64.93,1976-02-11,90,1975-11-13,219,207,1973-01-08,1975-11-12,1.7,65
6294,MOLNIYA 1-22,PAYLOAD,64.93,1976-02-11,180,1975-08-15,219,194,1973-01-08,1975-08-13,1.7,66
6294,MOLNIYA 1-22,PAYLOAD,64.93,1976-02-11,365,1975-02-11,219,168,1973-01-08,1975-02-09,1.7,67
18954,ARIANE 3 DEB (SYLDA),DEBRIS,6.78,1989-02-01,30,1989-01-02,27,24,1988-03-15,1988-10-09,15.3,68
18954,ARIANE 3 DEB (SYLDA),DEBRIS,6.78,1989-02-01,90,1988-11-03,27,24,1988-03-15,1988-10-09,15.3,69
18954,ARIANE 3 DEB (SYLDA),DEBRIS,6.78,1989-02-01,180,1988-08-05,27,14,1988-03-15,1988-08-02,15.3,70
18954,ARIANE 3 DEB (SYLDA),DEBRIS,6.78,1989-02-01,365,1988-02-02,27,0,1988-03-15,,15.3,
29462,SL-12 DEB,DEBRIS,65.31,2012-10-03,30,2012-09-03,145,145,2006-09-22,2010-06-21,834.0,71
29462,SL-12 DEB,DEBRIS,65.31,2012-10-03,90,2012-07-05,145,145,2006-09-22,2010-06-21,834.0,72
29462,SL-12 DEB,DEBRIS,65.31,2012-10-03,180,2012-04-06,145,145,2006-09-22,2010-06-21,834.0,73
29462,SL-12 DEB,DEBRIS,65.31,2012-10-03,365,2011-10-04,145,145,2006-09-22,2010-06-21,834.0,74
5941,PROGNOZ 1,PAYLOAD,64.93,1980-01-19,30,1979-12-20,13,13,1972-04-14,1975-08-24,1608.0,75
5941,PROGNOZ 1,PAYLOAD,64.93,1980-01-19,90,1979-10-21,13,13,1972-04-14,1975-08-24,1608.0,76
5941,PROGNOZ 1,PAYLOAD,64.93,1980-01-19,180,1979-07-23,13,13,1972-04-14,1975-08-24,1608.0,77
5941,PROGNOZ 1,PAYLOAD,64.93,1980-01-19,365,1979-01-19,13,13,1972-04-14,1975-08-24,1608.0,78
6231,MOLNIYA 1-21,PAYLOAD,64.23,1977-11-01,30,1977-10-02,408,408,1972-10-14,1977-09-20,41.8,79
6231,MOLNIYA 1-21,PAYLOAD,64.23,1977-11-01,90,1977-08-03,408,396,1972-10-14,1977-07-28,41.8,80
6231,MOLNIYA 1-21,PAYLOAD,64.23,1977-11-01,180,1977-05-05,408,377,1972-10-14,1977-05-03,41.8,81
6231,MOLNIYA 1-21,PAYLOAD,64.23,1977-11-01,365,1976-11-01,408,346,1972-10-14,1976-10-31,41.8,82
