jd,year,a_km,e,i_deg,raan_deg,argp_deg,hp_km,azimuth_deg,lambda
2457598.74934137,2016.5742623993706,16077.381327211651,0.5627762,64.6685,133.4729,45.9917,651.2774579325223,52.27013622662321,12933.062014970526
2457602.50631826,2016.5845484415058,16077.090973522081,0.5629199,64.667,132.1228,45.8695,648.8402304161282,47.094861057920866,12931.078782166009
2457604.3847736,2016.5896913719369,16076.915665333296,0.5629866,64.6665,131.4475,45.8067,647.6912764205654,44.50530610275351,12930.125448576247
2457606.02839593,2016.5941913646266,16076.77196953509,0.5630447,64.6662,130.8567,45.7526,646.6944189797969,42.2404087344502,12929.30218355745
2457608.37638538,2016.600619809391,16076.556280871002,0.5631258,64.666,130.0121,45.6745,645.2963639604941,39.00346861925482,12928.140714360616
2457610.25473804,2016.605762458699,16076.402376546908,0.5631895,64.6655,129.336,45.613,644.2050603006428,36.41451486836689,12927.240787864579
2457613.30699949,2016.6141190951132,16076.135946571982,0.5632897,64.6644,128.2364,45.5116,642.4778520682339,32.20512575921424,12925.805417337902
2457615.65485037,2016.6205471604922,16075.974075873908,0.5633677,64.6638,127.3904,45.4334,641.1532354891988,28.966822222799124,12924.724485782088
2457619.4113556,2016.6308319112943,16075.749984909582,0.5635049,64.6623,126.0355,45.3111,638.8497972381065,23.787111934068122,12922.871497814032
2457621.28958138,2016.6359742132233,16075.688063104217,0.5635703,64.6611,125.3569,45.2498,637.771418674155,21.19598323957024,12922.02412742491
2457624.34166566,2016.6443303645724,16075.642018426232,0.5636775,64.6598,124.2542,45.1513,636.0280145847782,16.98656875397333,12920.679469552131
2457628.33283599,2016.6552575934018,16075.57038564005,0.5638074,64.6592,122.8142,45.0253,633.9085429953366,11.486766375355671,12919.036890952291
2457631.15014266,2016.6629709586855,16075.511560295761,0.5638717,64.6574,121.7958,44.9422,632.8492284221384,7.608454873200287,12918.204859055933
2457635.6108102,2016.675183600822,16075.413611504642,0.5640175,64.6564,120.1815,44.7867,630.4627148778236,1.4421037040972067,12916.346260648941
2457637.25419944,2016.679682955346,16075.367342353115,0.5640621,64.6556,119.5864,44.7331,629.7255809539975,359.1736360754416,12915.764492190672
2457638.19327468,2016.6822540032308,16075.348371845625,0.5640873,64.6546,119.2458,44.7023,629.3122122118311,357.876658836903,12915.441517392466
2457643.12340462,2016.6957519633681,16075.253973017192,0.564218,64.6515,117.459,44.5433,627.1700268693776,351.07159318746733,12913.769315664595
2457644.53201255,2016.6996085216979,16075.235757624518,0.5642551,64.6511,116.9487,44.4966,626.5656976825194,349.126232188754,12913.30145254412
2457647.11446109,2016.7066788804652,16075.180080231745,0.5643017,64.6457,116.0064,44.4203,625.7923331508346,345.5623030324932,12912.68738317541
2457648.28827805,2016.7098926161527,16075.166242725874,0.5643601,64.6483,115.5855,44.376,624.8475144644754,343.94015818501305,12911.962663563747
2457650.16639145,2016.7150346104038,16075.13104527696,0.564413,64.6472,114.9036,44.3166,623.9818066190537,341.3477402546398,12911.287905771082
2457652.51401901,2016.7214620643672,16075.093130870986,0.5644774,64.646,114.0514,44.2427,622.9300555990712,338.1077568278051,12910.470313961867
2457656.27022168,2016.7317459868034,16075.02296339285,0.5645712,64.6433,112.6867,44.124,621.3916589225919,332.9221447507807,12909.267254042994
2457657.44403496,2016.7349597124164,16074.998308096492,0.5645945,64.6423,112.26,44.0864,621.0063758359074,331.3009035300662,12908.962570578897
2457658.14832139,2016.7368879435733,16074.98391749782,0.5646075,64.6416,112.0043,44.0641,620.7911352991687,330.32874031360814,12908.79205926771
2457660.26118383,2016.7426726456672,16074.95254509802,0.5646291,64.6419,111.2446,43.9827,620.4302570166155,327.40514755977574,12908.50274543108
2457662.13924296,2016.747814491335,16074.882454627897,0.5646845,64.639,110.5543,43.9365,619.5091931775696,324.81758311936983,12907.768979035242
2457667.30389519,2016.7619545385076,16074.776137950379,0.5647747,64.634,108.6749,43.7738,618.0129670722954,317.6850661372729,12906.580368228408
2457668.00816387,2016.7638827210674,16074.77364735359,0.5647863,64.6335,108.4191,43.7514,617.8254157272513,316.7127204157576,12906.436470401644
2457671.29474879,2016.7728809001783,16074.710175197419,0.5648419,64.6302,107.223,43.6461,616.9040378895752,312.17197593583944,12905.705322286936
2457673.40754546,2016.7786654222039,16074.668238131608,0.56488,64.6293,106.4544,43.5807,616.2733437758243,309.25554800664753,12905.20550091943
2457675.9898281,2016.7857353267623,16074.583383705498,0.56492,64.6257,105.5126,43.5016,615.5934385825885,305.68948236554064,12904.647934219358
2457679.04158035,2016.7940905690627,16074.51785059106,0.5649714,64.6227,104.4006,43.4077,614.7386962176379,301.47569513744145,12903.966321167809
2457680.45007668,2016.7979468218484,16074.497046168111,0.5649881,64.6198,103.8862,43.363,614.4612015979783,299.5283441345398,12903.74523837791
2457684.20607416,2016.8082301825052,16074.433476117505,0.5650302,64.6148,102.5165,43.2466,613.7568142201353,294.3402342980952,12903.178934121548
2457687.49255431,2016.8172280747701,16074.371466365039,0.56505,64.6102,101.3176,43.142,613.4115692954729,289.79749308276575,12902.88680261109
2457689.37052668,2016.8223696829016,16074.33941774564,0.5650585,64.6078,100.6326,43.0822,613.2609978634146,287.2017141554418,12902.757032305648
2457691.01374601,2016.8268685722385,16074.308778006129,0.565065,64.6051,100.0329,43.0295,613.1431883620944,284.92971399411294,12902.652872929617
2457692.18747012,2016.8300820537163,16074.29313116756,0.5650686,64.6031,99.6045,42.9917,613.0785155490903,283.30666066209875,12902.596246080886
2457693.36119401,2016.8332955345925,16074.270088625746,0.5650703,64.6015,99.1763,42.9543,613.0411673649687,281.684207546718,12902.55694049971
2457695.00440794,2016.8377944091444,16074.246970700075,0.5650738,64.5989,98.5765,42.9008,612.9748528280952,279.41131270804135,12902.495540450385
2457697.35185417,2016.8442213666535,16074.210268962697,0.5650731,64.5952,97.7197,42.8249,612.9701422281123,276.1649080047244,12902.474649399452
2457698.99506731,2016.848720239042,16074.202068328972,0.565075,64.5926,97.1199,42.7714,612.9360345679779,273.89201394491624,12902.444808861334
2457700.40353232,2016.8525764060785,16074.209111817427,0.5650745,64.5902,96.6055,42.7261,612.9471350617496,271.94409381174455,12902.456583080519
2457702.28148405,2016.8577179577007,16074.21270903058,0.5650767,64.5873,95.9197,42.6647,612.9133363135197,269.34593522771894,12902.432540011114
2457706.97635217,2016.8705718060783,16074.250819489333,0.5650842,64.5799,94.2042,42.5121,612.8093545588581,262.85044981180175,12902.371320688424
2457710.02804562,2016.8789268873918,16074.292728677037,0.5650809,64.5754,93.09,42.4118,612.8806266927613,258.6281205389687,12902.445356694676
2457712.37551695,2016.8853539136212,16074.338864317195,0.5650691,64.5713,92.2323,42.333,613.0903691624553,255.377891096359,12902.626834890745
2457714.01874851,2016.8898528364412,16074.357756378791,0.5650629,64.5692,91.6327,42.2756,613.1982469218974,253.10127888115306,12902.717893134673
2457715.42723331,2016.893709057659,16074.385553720807,0.5650507,64.568,91.121,42.2307,613.406444520977,251.15643924275975,12902.88954217649
2457718.00945682,2016.9007788003282,16074.423086612203,0.5650323,64.5648,90.1802,42.1439,613.71853881061,247.5837318818687,12903.144890438538
2457720.82644304,2016.908491288268,16074.47337398639,0.5650085,64.5608,89.1519,42.0488,614.1229846604001,243.68383622359363,12903.476560439209
2457725.99098659,2016.9226310378913,16074.597219957093,0.5649609,64.5547,87.2665,41.8686,614.9420074326363,236.5279263591215,12904.158535674938
2457729.04278448,2016.930986405147,16074.664816763381,0.564932,64.5508,86.1517,41.7615,615.4359724996111,232.29809414710968,12904.56646538264
2457730.92081692,2016.936128177742,16074.705344999538,0.5649283,64.5498,85.467,41.6996,615.5130814480344,229.700456012913,12904.644278230875
2457733.03360823,2016.941912685092,16074.764062338594,0.5649211,64.5488,84.6991,41.6234,615.6543660018078,226.77393336690216,12904.779522192031
2457735.38117215,2016.9483399648184,16074.782855019246,0.5649128,64.5463,83.8417,41.5396,615.7959629983297,223.5189126653886,12904.896173889128
2457737.96351506,2016.9554100343876,16074.84255422056,0.5649027,64.5449,82.9007,41.4488,615.9842932664696,219.94188762051155,12905.067689391817
2457739.84159169,2016.9605519279678,16074.877448194982,0.5648935,64.544,82.2154,41.381,616.1473644130492,217.33770593162956,12905.208276122305
2457740.78062835,2016.9631228702262,16074.889524019709,0.5648917,64.5434,81.8732,41.3484,616.1815534840243,216.03736671858965,12905.239995773083
2457741.9544254,2016.9663365514034,16074.920644530883,0.5648853,64.543,81.4454,41.3059,616.2979737688611,214.41014149474552,12905.34329024538
2457744.3020202,2016.9727639156745,16074.941022635165,0.5648797,64.542,80.5899,41.2205,616.3968602513196,211.1553903572282,12905.428170877822
2457747.82342591,2016.982404999069,16074.965702870159,0.5648704,64.5415,79.307,41.092,616.5570963036107,206.27320033514263,12905.561776074104
2457751.11009365,2016.991403404928,16074.989905190558,0.564869,64.5411,78.1103,40.9717,616.5901324354736,201.7167742259295,12905.598336223904
2457753.69248189,2016.9984735986034,16075.007138707077,0.5648733,64.5413,77.171,40.8769,616.5285087420516,198.1374045028128,12905.559559173573
2457754.86628247,2017.0016872894457,16075.00746576696,0.5648772,64.5418,76.7436,40.8329,616.465958525424,196.50907579953207,12905.512102714985
2457756.74437491,2017.0068292263104,16075.008321154428,0.5648896,64.5426,76.0601,40.7658,616.2670006208318,193.9073785282264,12905.36106431536
2457758.85722351,2017.0126138905127,16075.003289465072,0.5649036,64.544,75.2916,40.6908,616.0397612344113,190.98139941538207,12905.185716642682
2457760.2657907,2017.0164703373032,16075.00004402753,0.5649182,64.5442,74.779,40.6376,615.8036541555766,189.02727857086072,12905.004454965903
2457762.84816868,2017.0235405028884,16074.980797861796,0.5649455,64.5449,73.839,40.5453,615.356433523365,185.44971896018552,12904.654924555183
2457764.72626787,2017.0286824582342,16074.973577419709,0.5649687,64.5462,73.1558,40.4776,614.9803528505463,182.84771503567964,12904.365204006637
2457765.90007719,2017.0318961730043,16074.972067920644,0.5649835,64.5473,72.729,40.4351,614.741786584601,181.22147771848816,12904.182859703
2457767.77816634,2017.037038100863,16074.946959971525,0.5650093,64.5489,72.0459,40.3671,614.3161305808844,178.61928368933286,12903.846930816202
2457769.6562437,2017.042179996441,16074.924216984002,0.5650378,64.5503,71.3625,40.3,613.8481022526385,176.01770128124699,12903.47983178077
2457771.76907526,2017.0479646139904,16074.894681410096,0.5650707,64.5523,70.5941,40.2232,613.3063913594151,173.0900389634183,12903.053394441002
2457773.64714385,2017.0531064855581,16074.863485550912,0.5651026,64.5537,69.9113,40.1542,612.7800352210288,170.4871651990773,12902.637835521424
2457775.99472972,2017.05953382538,16074.804289308406,0.5651473,64.5557,69.0575,40.0681,612.0357471773414,167.23342286318956,12902.04305551856
2457777.63803785,2017.0640329578375,16074.79649043906,0.565181,64.5562,68.4583,40.0101,611.4906351762202,164.95653517849794,12901.624164285895
2457779.75085632,2017.069817539548,16074.753068520087,0.5652252,64.5596,67.6918,39.9357,610.7612504152075,162.03318576271926,12901.048066606345
2457781.8636587,2017.0756020772078,16074.69953367252,0.5652764,64.5624,66.9238,39.8618,609.9149501964384,159.10885220520305,12900.378064087061
2457783.7416901,2017.0807438469546,16074.650426911065,0.5653258,64.5651,66.241,39.7954,609.0995145972256,156.50861509634166,12899.733587934546
2457787.73247057,2017.0916700084056,16074.525447869908,0.565437,64.5695,64.7898,39.6583,607.2577022026917,150.98689697399772,12898.27102041665
2457790.54947906,2017.0993825573166,16074.438507360976,0.565523,64.573,63.7655,39.5618,605.8375193626744,147.08957936603755,12897.147450306204
2457794.54019952,2017.1103085544696,16074.305910254734,0.5656486,64.5781,62.3141,39.4274,603.7609761474187,141.57042039089984,12895.501620375706
2457796.41815936,2017.1154501282958,16074.240052947398,0.5657006,64.5797,61.6303,39.3651,602.8965104510235,138.97335381348714,12894.811300347783
2457799.70455525,2017.1244477898692,16074.119458847445,0.5658045,64.5834,60.4346,39.2554,601.1740354939948,134.4287956470411,12893.440575583643
2457801.81722778,2017.130231972019,16074.04781786655,0.5658727,64.5863,59.6671,39.1861,600.0466792412972,131.5096900732119,12892.546692387561
2457803.69515161,2017.1353734472548,16073.990842726535,0.5659332,64.5881,58.983,39.1225,599.0494683316092,128.91105898825424,12891.758894475128
2457805.57306679,2017.1405148988094,16073.932107293935,0.5659998,64.5904,58.2995,39.0606,597.9534493519877,126.31473642862704,12890.894738304678
2457809.32886095,2017.1507977028068,16073.83981702787,0.5661259,64.5945,56.9329,38.9391,595.8864841571321,121.12482698954562,12889.27336804965
2457810.50253556,2017.1540110487615,16073.829428481798,0.5661689,64.5958,56.505,38.9027,595.1908021706304,119.50372244583039,12888.737280277592
2457811.676208,2017.1572243887754,16073.812349044236,0.5662157,64.5968,56.0772,38.862,594.4311381615098,117.87842004090564,12888.149125387958
2457813.55408212,2017.162365727912,16073.78467994859,0.5662874,64.5981,55.3926,38.8005,593.2666453806714,115.28143795170087,12887.246710292387
2457815.66668704,2017.1681497249558,16073.727807754081,0.5663674,64.5999,54.6228,38.7333,591.9560809687027,112.3621990158945,12886.218806154506
2457817.5445574,2017.173291053799,16073.683889986147,0.566433,64.6011,53.938,38.6737,590.8826031296239,109.76692063239676,12885.377962902005
2457819.42241739,2017.1784323542508,16073.639595221664,0.5664998,64.6025,53.2532,38.6147,589.7896792565107,107.1722524696577,12884.52194996245
2457821.53499777,2017.1842162841072,16073.594319798214,0.5665718,64.6036,52.4821,38.5473,588.6127535603646,104.25153772146552,12883.60113185275
2457823.88228772,2017.1906428137447,16073.54444174247,0.5666513,64.6051,51.626,38.4744,587.3132882213249,101.00898705194118,12882.584308483092
2457825.5253861,2017.1951413719376,16073.506109097232,0.5667048,64.6058,51.0261,38.4225,586.4367442425064,98.73770610250295,12881.896105728129
2457828.8115769,2017.2041384720058,16073.440058763072,0.5668151,64.6075,49.8257,38.3175,584.6352245112748,94.19335007795735,12880.487385932527
2457830.92412642,2017.209922317372,16073.4092220915,0.5668876,64.6085,49.0547,38.2503,583.4565443621823,91.27296574603378,12879.57131967075
2457833.97557405,2017.2182767256677,16073.35147289887,0.5669878,64.6093,47.9399,38.1517,581.8209826531793,87.051978759657,12878.29287161737
2457835.61864619,2017.2227752120193,16073.298729424849,0.5670345,64.6098,47.3404,38.1014,581.047521034794,84.78272367306494,12877.676233137769
2457837.49643214,2017.2279163097605,16073.249105177922,0.5670946,64.6105,46.6545,38.0422,580.06003317669,82.18682848623897,12876.897188801293
2457842.42558071,2017.2414115830532,16073.097342371859,0.5672533,64.6115,44.8519,37.8899,577.4435336901925,75.37363010085686,12874.822936222754
2457842.89502077,2017.2426968398902,16073.078328258896,0.5672688,64.6115,44.6802,37.8756,577.1861726814659,74.7249376395147,12874.616950207455
2457846.41580422,2017.25233621963,16072.943722019747,0.5673686,64.6115,43.3915,37.7666,575.5238445786135,69.85706093316037,12873.280746048602
2457853.45720458,2017.2716145231482,16072.702182314197,0.5675738,64.6125,40.8088,37.5504,572.1212284298354,60.1179716666867,12870.560677542398
2457854.86546975,2017.2754701430526,16072.65500214831,0.5676135,64.6123,40.2921,37.5066,571.4627420864008,58.16944850100998,12870.03392684376
2457858.38612225,2017.285109164271,16072.529659508798,0.5676971,64.6124,39.0056,37.3954,570.0648821416671,53.301700862424866,12868.903740289872
2457861.4373062,2017.2934628506507,16072.3319932974,0.5677701,64.6117,37.8871,37.2989,568.8061502297342,49.07937376576169,12867.846065620533
2457863.31491848,2017.2986034729086,16072.176656062407,0.5678126,64.6107,37.1968,37.2415,568.0559413243063,46.48104975288808,12867.198001568315
2457866.36596189,2017.3069567745113,16071.81328670926,0.5678798,64.6096,36.0772,37.146,566.8188718154624,42.25876117598145,12866.078939740937
2457869.41690433,2017.3153097996708,16071.435228356771,0.5679435,64.6078,34.9548,37.0523,565.631754740527,38.035572118484396,12864.99116156632
2457873.40646144,2017.3262326117454,16071.010828711387,0.5680166,64.606,33.4883,36.9307,564.273599223563,32.51525977163706,12863.750318358458
2457874.8144981,2017.3300876060232,16070.863418055635,0.5680445,64.6048,32.9692,36.8862,563.7615431779313,30.56386183165759,12863.288358113048
2457876.69184254,2017.3352274949766,16070.634627723735,0.5679831,64.6148,32.3064,36.8764,564.6494529018628,28.040901808459637,12863.862165990131
2457877.63050722,2017.3377974188093,16070.58892091683,0.5679977,64.6135,31.9599,36.8471,564.395076190588,26.739929228700234,12863.645603001612
2457880.44646239,2017.3455070838877,16070.401823063365,0.5680483,64.6121,30.9248,36.7592,563.5010871553204,22.84144980039835,12862.872043428972
2457882.79306185,2017.3519317230666,16070.236250278984,0.5681744,64.6021,30.0341,36.6428,561.4031109184725,19.521479695974065,12861.184629973635
2457885.37428323,2017.3589987220532,16070.073974987674,0.5682132,64.6005,29.0819,36.5575,560.7095174232081,15.939860060847394,12860.5762393273
2457889.59802099,2017.370562685804,16069.89144217771,0.5682768,64.5985,27.525,36.4257,559.6086570695752,10.088133110558047,12859.64569302021
2457893.35238959,2017.3808415868307,16069.774750594921,0.5683293,64.5963,26.1409,36.3109,558.7146154316342,4.888828740977431,12858.904667401597
2457899.21853072,2017.3969022059414,16069.581216166564,0.5684012,64.5924,23.9763,36.1329,557.4756694000289,356.7644058610932,12857.862711021566
2457903.20743491,2017.4078232304173,16069.424462326986,0.5684412,64.5902,22.5034,36.0212,556.7652376524793,351.24823704980673,12857.243708719747
2457906.25772162,2017.416174460288,16069.321025990446,0.5684755,64.5886,21.3814,35.9231,556.1694210800142,347.02169429636507,12856.737669468588
2457909.3080017,2017.424525672005,16069.268390982144,0.5684733,64.5887,20.266,35.839,556.182060174835,342.81575807816944,12856.722707361847
2457910.24654711,2017.4270952692948,16069.235462900986,0.5684692,64.5869,19.9148,35.8177,556.2337346940321,341.5182030538844,12856.746959622777
2457912.59290279,2017.43351924104,16069.194868590348,0.5684778,64.5799,19.0358,35.7491,556.0780219228172,338.25797322563574,12856.608349273782
2457916.11241164,2017.443155131116,16069.132708263553,0.5684832,64.5742,17.7318,35.643,555.964425045222,333.3789527982403,12856.49197457939
2457917.52020576,2017.447009461355,16069.10674337176,0.5684835,64.5725,17.2113,35.6016,555.9484000261791,331.42949391220475,12856.467498419273
2457918.69337743,2017.4502214303357,16069.115289403946,0.5687749,64.577,16.6215,35.6352,551.2695475847459,329.7169850791771,12852.876836281846
2457922.21283626,2017.4598571834633,16069.04277416816,0.568478,64.5659,15.4748,35.4646,556.0091759945917,324.93081395320655,12856.484193704346
2457926.67082333,2017.4720624868721,16068.987024709517,0.5684656,64.5594,13.8244,35.3359,556.184374315806,318.7578047260199,12856.59261394501
2457929.01711147,2017.4784862737029,16068.952967004945,0.5684519,64.5556,12.9559,35.2703,556.3898219003468,315.511141466949,12856.734425978042
2457937.22907355,2017.5009694005478,16068.86906768782,0.5683759,64.5434,9.9176,35.0332,557.5748493585934,304.1418158027895,12857.605046738885
2457938.40220972,2017.5041812723343,16068.830008882624,0.5683848,64.5424,9.4842,34.9955,557.4149780498747,302.51444195964643,12857.463987718605
2457939.10609056,2017.5061083930461,16068.835010608262,0.5683771,64.541,9.2235,34.9748,557.5408669002691,301.5392785034028,12857.562990605982
2457940.98309813,2017.5112473596994,16068.822192123214,0.5683555,64.5384,8.5293,34.9208,557.8824207079288,298.9410505082151,12857.819219574525
2457943.09472686,2017.5170286840796,16068.794544497398,0.5683278,64.535,7.7476,34.8583,558.3155923711884,296.0155737313603,12858.138818547322
2457944.97172121,2017.5221676145381,16068.78853743806,0.5683011,64.5312,7.0518,34.807,558.7420359446196,293.41845876627394,12858.463374703253
2457950.13346201,2017.5362996906501,16068.775115827862,0.5681967,64.5217,5.1404,34.6597,560.4138219723527,286.2722113659616,12859.740270403068
2457956.93755747,2017.5549282887612,16068.82395152161,0.5681048,64.509,2.6232,34.4619,561.9116343072164,276.8509160459432,12860.912545868212
2457960.92621872,2017.5658486481045,16069.035459851844,0.5680378,64.5009,1.1464,34.3463,563.0796091156135,271.32718668239545,12861.907835533688
2457963.97644798,2017.5741997206842,16069.223347420444,0.5679863,64.4967,0.0189,34.2596,563.9883344454902,267.1066005536728,12862.693052875715
2457966.08817795,2017.5799813222454,16069.37152483477,0.5679499,64.4921,359.2377,34.1942,564.6372742420153,264.1786239916669,12863.260312305936
2457967.02673263,2017.5825509449146,16069.429439378591,0.56794,64.491,358.8909,34.1675,564.8213835779143,262.8800598307063,12863.428688309226
2457971.95422141,2017.59604167395,16069.774599767017,0.567836,64.4834,357.0731,34.0181,566.6417701337132,256.05619737802607,12864.986620880878
2457974.06604937,2017.6018235437919,16069.924373619457,0.5677987,64.4776,356.2893,33.9541,567.3059051800146,253.12692423492416,12865.566112455243
2457975.0046525,2017.6043932991106,16069.990111314959,0.5677854,64.4755,355.9427,33.922,567.54804796595,251.82311232017844,12865.782606586776
2457980.87105335,2017.6204546292954,16070.384576746854,0.567683,64.4646,353.7751,33.7355,569.3641490654691,243.68693345364358,12867.359903450742
2457983.45232474,2017.6275217652023,16070.529864583195,0.5676365,64.46,352.8209,33.6556,570.1742391057169,240.10866452718915,12868.04897502425
2457986.03362678,2017.6345889850238,16070.666758445894,0.5675904,64.4557,351.867,33.5759,570.9742847528842,236.5308653914608,12868.7263433707
2457987.91096675,2017.639728861738,16070.77386201299,0.5675689,64.4528,351.1732,33.5162,571.3661190015246,233.92700977435538,12869.076874823015
2457991.90037857,2017.65065127603,16070.95566560389,0.5675177,64.4492,349.7035,33.387,572.2675694584004,228.39604062919693,12869.85292463973
2457995.88984357,2017.6615738359208,16071.121885500796,0.5674641,64.4423,348.2262,33.261,573.2008687547832,222.86061906851637,12870.645976110154
2457999.87935711,2017.6724965287058,16071.260124592409,0.5674149,64.4374,346.7529,33.1335,574.0513681228185,217.32764966592788,12871.362379638786
2458002.93019785,2017.6808492754274,16071.315240024554,0.5673645,64.4321,345.621,33.067,574.8852045256426,213.12226084612473,12872.026913743184
2458008.79724967,2017.6969123878716,16071.412321777554,0.5672737,64.4227,343.449,32.8887,576.38648977721,204.9892403661861,12873.222172007258
2458009.73597763,2017.699482484956,16071.419161055006,0.5672863,64.4213,343.1032,32.8501,576.1869494310067,203.67960541588752,12873.072593326944
2458020.76615712,2017.7296814705544,16071.550567114908,0.5673218,64.4149,339.0302,32.4558,575.6732705882578,188.34067060041082,12872.74095205221
2458022.8783253,2017.735464271868,16071.556677335746,0.5673153,64.4181,338.255,32.394,575.780379466014,185.42186212748186,12872.825844150082
2458026.86797369,2017.7463873338534,16071.52426557218,0.5673332,64.4172,336.7816,32.2625,575.4786751074653,179.88465981280928,12872.579578386218
2458028.74545472,2017.7515275967698,16071.502465044236,0.5673481,64.4166,336.0877,32.2028,575.2297773560713,177.28056516282135,12872.378727601845
2458030.85761998,2017.7573103900886,16071.490370434896,0.5673594,64.4159,335.3068,32.1325,575.042936759176,174.34755956808112,12872.229955432205
2458031.79636054,2017.7598805216705,16071.478175269724,0.5673681,64.4157,334.9597,32.1025,574.8978387754723,173.04521219856787,12872.113102126774
2458033.67383385,2017.7650207634492,16071.453080961388,0.5673894,64.4154,334.2659,32.0427,574.5446602265538,170.44112515826936,12871.830818536899
2458035.78598026,2017.7708035051608,16071.422203530039,0.567416,64.4151,333.4848,31.9746,574.103802491838,167.51013814209483,12871.478646284148
2458041.653009,2017.7868665544142,16071.286550773946,0.5675225,64.4144,331.3147,31.7841,572.3335292623387,159.36684041090604,12870.05879824743
2458046.81593958,2017.8010018879675,16071.126788437014,0.5676422,64.4134,329.406,31.6247,570.3407217696931,152.2100203317384,12868.45673984462
2458048.69334455,2017.8061419426426,16071.063603704431,0.567678,64.4166,328.7163,31.5691,569.7380592807067,149.61430064866659,12867.965182319784
2458051.97876413,2017.8151369312247,16070.915387280185,0.5677654,64.418,327.503,31.4637,568.2693840548964,145.05740475912722,12866.76980801641
2458053.62145792,2017.819634381711,16070.83352399925,0.5678265,64.4188,326.8938,31.4076,567.2520719840895,142.77302258403932,12865.951427985667
2458055.96814588,2017.8260592631893,16070.711183582143,0.5678998,64.4198,326.0263,31.3301,566.0212165680814,139.5150652518272,12864.950181851449
2458057.61081406,2017.8305566435595,16070.637368131178,0.5679408,64.4203,325.4208,31.2815,565.3304247648621,137.24190831860238,12864.385763491784
2458059.95746101,2017.8369814127589,16070.520763570239,0.5680316,64.4213,324.5521,31.2041,563.8208414062146,133.98289140678588,12863.173132410231
2458067.70114842,2017.8581824734295,16070.0355624742,0.5683571,64.4219,321.6846,30.9617,558.3804532894956,123.24060956539836,12858.770383689818
2458070.51694955,2017.8658917167688,16069.828269586513,0.5684791,64.4209,320.6403,30.88,556.3304577374147,119.33928196325348,12857.099075480635
2458071.69018638,2017.8691038641477,16069.761553166658,0.5685285,64.4203,320.2035,30.8455,555.5078219871475,117.71160890683228,12856.435991016577
2458072.6287683,2017.8716735613968,16069.686843664573,0.5685744,64.4205,319.8564,30.816,554.7379883400936,116.4099178971615,12855.80964782601
2458074.50590643,2017.8768128855033,16069.532198759756,0.5686633,64.4206,319.1606,30.7596,553.2426891567775,113.80756121881899,12854.588409703194
2458075.91374195,2017.8806673290894,16069.405383664869,0.5687363,64.4213,318.6388,30.7172,552.0149225592313,111.85576152777435,12853.585565086707
2458077.55619824,2017.8851641293354,16069.28892713038,0.5688217,64.4217,318.0301,30.6676,550.5923818089013,109.57861343921951,12852.437699134078
2458080.60642216,2017.8935151872959,16069.01009859272,0.5689811,64.4217,316.9016,30.5679,547.9107567843257,105.3440325734826,12850.245488782257
2458082.48344465,2017.8986541947986,16068.84217389045,0.5690652,64.421,316.2017,30.5178,546.4869884370455,102.7439898725014,12849.071941604434
2458089.52201201,2017.9179247419856,16068.18587444394,0.5694319,64.4224,313.591,30.3182,540.3119624061655,92.99629288520731,12844.013332870942
2458092.57191246,2017.9262749143327,16067.909606821231,0.5696206,64.4213,312.4606,30.2247,537.1609958379568,88.76633084021785,12841.457880179272
2458095.62173173,2017.9346248644222,16067.54245791385,0.5698017,64.4188,311.3244,30.1402,534.0931505723602,84.53964880803846,12838.9228877908
2458096.7947176,2017.9378363247095,16067.419250355788,0.5698727,64.4183,310.8895,30.1058,532.8993601235588,82.91422310462116,12837.945366483313
2458099.60981673,2017.945543646078,16067.084895591284,0.5700403,64.4164,309.8405,30.0266,530.0627015829587,79.01138741188748,12835.60254189055
2458100.54815984,2017.9481126895005,16066.940062507176,0.5701082,64.4166,309.4938,29.9986,528.9094839633226,77.7118317798267,12834.645680204429
2458102.19024058,2017.9526084615472,16066.798323226742,0.5701062,64.4374,308.9561,29.978,528.8806850055716,75.53505384299984,12834.557233751662
2458109.46182889,2017.9725169853245,16065.581268026419,0.5705107,64.4371,306.2607,29.7598,521.8589528977782,65.45438528316333,12828.571512109103
2458113.44912956,2017.9834336196031,16064.828970748064,0.5708168,64.4067,304.6811,29.6291,516.61840511836,59.81409694288516,12824.173724156404
2458115.79445796,2017.9898547788089,16064.38004085004,0.5709563,64.4014,303.797,29.5616,514.1847509324525,56.55087962880452,12822.083995690971
2458117.43612693,2017.9943494234913,16064.053881164184,0.57105,64.3996,303.1824,29.5168,512.5396123253777,54.273407543155315,12820.660426186538
2458120.48481333,2018.0026962719514,16063.447769440278,0.5712226,64.3963,302.0406,29.4326,509.50706961640117,50.04254209751576,12818.033321138413
2458124.70580301,2018.014252711869,16062.604823213438,0.5714391,64.3946,300.4705,29.3248,505.6680793806918,44.20432372716573,12814.67100088078
2458125.40926958,2018.0161786983715,16062.477617445973,0.5714762,64.3934,300.2066,29.3055,505.01764604289474,43.22776858629828,12814.108464950283
2458128.69197938,2018.0251662679805,16061.790985822036,0.5716581,64.3866,298.9683,29.2083,501.80176826988463,38.656743527039225,12811.299655894407
2458131.74002377,2018.033511358713,16061.197664842031,0.5717998,64.3834,297.8233,29.1323,499.27175232489117,34.43151086333887,12809.064419957576
2458133.38121405,2018.0380046928135,16060.818573652832,0.5719855,64.3815,297.2012,29.0227,496.1269313927296,32.08221058716026,12806.45209487795
2458135.72566631,2018.044423453279,16060.350746567876,0.5718268,64.3766,296.3029,29.0961,498.47547228035637,28.94655681954248,12808.05320136763
2458147.21231463,2018.0758721824227,16058.825229883407,0.5725266,64.367,291.9886,28.6636,486.58432102404186,12.878214327792648,12798.126481087791
2458147.4467217,2018.0765139540042,16058.828843591114,0.5724867,64.3597,291.8804,28.6915,487.2266130588205,12.566876558501576,12798.626386293367
2458152.3691634,2018.089990864887,16058.426279015512,0.5725136,64.3573,290.0635,28.6529,486.6225396817372,5.859688640630054,12797.970475444425
2458155.18190255,2018.0976917249834,16058.183477671513,0.5728615,64.3463,288.968,28.4654,480.9321033773931,1.8043790060020228,12793.44149245277
2458156.58824276,2018.1015420746337,16058.05693654138,0.572751,64.3384,288.4162,28.5641,482.6524680803677,359.9651531318985,12794.718106967535
2458161.27597934,2018.1143763979194,16057.66694056613,0.5731973,64.3319,286.6554,28.2581,475.3193059343639,353.27799674900086,12788.84187061336
2458166.66664295,2018.1291352305268,16057.235320436615,0.5727914,64.3306,284.6278,28.3507,481.6527211142784,346.0298170103495,12793.559927235476
2458168.54161708,2018.134268629925,16057.055710979848,0.5732607,64.3169,283.8921,28.1718,474.0404141645431,343.26719322700313,12787.563981605686
2458172.52580178,2018.145176733142,16056.74796050967,0.573418,64.3196,282.3946,28.0312,471.38335849013674,337.7021760688286,12785.355653539105
2458176.27551655,2018.1554428926763,16056.473764679115,0.5733567,64.3027,280.9449,28.0341,472.2506533261203,332.559558636495,12785.902477413207
2458179.55642978,2018.1644255435458,16056.186285555601,0.5733806,64.3033,279.7097,27.9909,471.7442594319591,328.0474043235271,12785.375251414778
2458180.49382688,2018.166991996934,16056.112385933317,0.5735585,64.3046,279.3666,27.8999,468.85635002598247,326.6893811037838,12783.09543106866
2458184.24331964,2018.1772575486377,16055.851963017638,0.5736844,64.2987,277.9353,27.7869,466.72386312504204,321.4494824904121,12781.315743205558
2458193.14802594,2018.201637305791,16055.21053288526,0.5739101,64.275,274.5167,27.5588,462.8267504360274,309.02606991523055,12777.985272478376
2458196.19423196,2018.2099773633402,16054.938534484483,0.5739947,64.2707,273.3522,27.4791,461.35260686462334,304.7794491975448,12776.711428544366
2458197.13150765,2018.2125434843258,16054.822139241865,0.5740231,64.2665,272.9895,27.4532,460.8470649256178,303.46704564269334,12776.263797571204
2458200.17762028,2018.2208832861877,16054.650371706586,0.5741226,64.2527,271.8084,27.3657,459.1764582114338,299.1961169724171,12774.8831651902
2458201.58350395,2018.2247323858999,16054.569041418958,0.5741322,64.2446,271.2622,27.3375,458.98769761720087,297.2360410760532,12774.698415596711
2458204.39523284,2018.2324304800547,16054.357833253303,0.5741584,64.239,270.1818,27.2886,458.4771266851203,293.3354271803117,12774.202753013291
2458212.12722644,2018.253599524818,16053.931124675139,0.5741909,64.2407,267.2796,27.1371,457.7736636599093,282.6608710655248,12773.456830864738
2458213.53302568,2018.2574483933747,16053.899729512666,0.5743884,64.2242,266.7034,27.0382,454.58965011745295,280.60017838510765,12770.961510657102
2458228.05910452,2018.2972186297602,16053.398230154668,0.5743567,64.211,261.1907,26.7221,454.8850988971908,260.45409328634463,12770.959139542689
2458231.33913949,2018.3061988760846,16053.346703314468,0.5743154,64.2078,259.9337,26.6863,455.5261700617375,255.92840460952186,12771.434772508455
2458239.30490021,2018.3280079403419,16053.568986288565,0.5743826,64.1849,256.8639,26.448,454.5419926647746,244.76904147691067,12770.77096511209
2458245.8651932,2018.3459690436682,16053.765022937932,0.5743126,64.1728,254.3553,26.2882,455.7491928253894,235.63464427942642,12771.802596125151
2458247.03666957,2018.3491763711704,16053.762690924197,0.5743439,64.1712,253.9068,26.2531,455.245717344299,233.9964063786241,12771.409204746664
2458248.91103176,2018.3543080951672,16053.763543488261,0.5743961,64.1688,253.1967,26.1919,454.4080737864242,231.37768573981862,12770.756838306508
2458257.81434797,2018.3786840464609,16053.914649718503,0.5743061,64.1593,249.7846,26.0006,455.9172375058024,218.9989432740865,12772.002940233757
2458259.92305535,2018.384457372621,16054.003870765273,0.5742982,64.1522,248.9704,25.935,456.0820449917446,216.04074585641172,12772.17273907927
2458260.86026509,2018.3870233130463,16054.039454209813,0.5743701,64.1536,248.616,25.8854,454.9429074913769,214.71300730336304,12771.301612518948
2458266.95219297,2018.4037021025874,16054.265723389635,0.5741979,64.1407,246.3145,25.7256,457.80375897732483,206.24734306849842,12773.635519669002
2458276.79314582,2018.430645163094,16054.496715256944,0.5742709,64.1611,242.5508,25.498,456.73013753929445,192.55654128621018,12772.90631231535
2458278.90202952,2018.4364189719915,16054.515423679835,0.5742697,64.1296,241.7012,25.4302,456.7573676778429,189.56057008305538,12772.93620619624
2458286.86876669,2018.4582307096239,16054.67753218933,0.5758772,64.0617,238.3291,24.7352,431.01848804922884,177.64124453538716,12752.918444835925
2458298.81882162,2018.4909481769205,16054.472364294848,0.5744063,64.1697,234.1186,24.8791,454.5459950679915,161.79635630863697,12771.193082800588
2458302.8021043,2018.5018538105405,16054.358886518303,0.5758987,64.0795,232.2646,24.3213,430.53817443896514,155.45852820544945,12752.395333998404
2458305.61379016,2018.5095517868858,16054.357030765803,0.5744445,64.1636,231.5041,24.7598,453.8836334060561,152.3652567211057,12770.623354157793
2458313.58013175,2018.5313624414787,16053.921194559229,0.5746302,64.1776,228.4667,24.5329,450.71694774542084,141.24912106767525,12767.952489955733
2458325.52876338,2018.5640760119916,16052.809870889527,0.5749272,64.219,223.9152,24.2134,445.47653968664963,124.60123568305426,12763.349496093884
2458333.49382571,2018.5858831641613,16052.101860287574,0.5751372,64.2214,220.8651,24.0358,441.804642246987,113.52296090193377,12760.155338165432
2458343.56654918,2018.6134607780427,16051.18563131069,0.5755555,64.2435,217.023,23.782,434.70115968884966,99.4991199046487,12754.182072241354
2458350.82765931,2018.6333406141268,16050.178835146591,0.5758324,64.2525,214.2475,23.6065,429.82953607492436,89.39137891432503,12749.90734258113
2458353.63820294,2018.6410354632173,16049.814627865877,0.5759065,64.2657,213.1782,23.5541,428.48575988283756,85.49953324177693,12748.687782816693
2458354.34082191,2018.6429591291176,16049.661964173578,0.575923,64.2629,212.9045,23.5379,428.1561967808393,84.51711351768347,12748.35935894071
2458355.51184871,2018.6461652257633,16049.563832305239,0.5759521,64.2627,212.4561,23.5096,427.6475390049891,82.88621872524553,12747.916038707135
2458362.53733792,2018.6653999669272,16047.848070109287,0.5764195,64.269,209.7871,23.2575,419.41920946092705,73.04061190620524,12740.68168165668
2458363.23983752,2018.6673233060092,16047.757080719766,0.576464,64.2667,209.5089,23.2343,418.66654293972715,72.04680983672381,12740.05007632604
2458366.28388632,2018.6756574574126,16047.224573142694,0.5762951,64.2667,208.3163,23.2902,421.15138304096854,67.9098153314591,12741.750011400616
2458368.15707178,2018.6807859596986,16046.825390524888,0.5763743,64.266,207.6025,23.2302,419.7113388388789,65.28975450847071,12740.43782770264
2458370.4984724,2018.6871963652293,16046.465406004161,0.5765959,64.2786,206.728,23.1481,416.0029434103253,62.025408517444305,12737.366419117194
2458371.9032635,2018.6910424736482,16046.153529253826,0.5765746,64.2759,206.173,23.1474,416.21267658571196,60.08510948669249,12737.386667908737
2458373.5421447,2018.6955294858315,16045.735004049839,0.5766069,64.2763,205.5454,23.1074,415.51718514317326,57.8021851006626,12736.648332762774
2458375.41504663,2018.7006572118548,16045.034108714615,0.5766322,64.2772,204.8293,23.06,414.81449153146696,55.1927037322759,12735.773873752736
2458377.5219431,2018.706425580013,16044.510089954621,0.5768315,64.262,204.0102,22.9511,411.39496800096094,52.18809119527219,12732.851430248986
2458379.39464169,2018.7115527493222,16043.972744098666,0.5768702,64.2713,203.2922,22.931,410.5466784159198,49.604210243985676,12731.938156181417
2458381.7353925,2018.7179613757705,16043.433690773934,0.5769208,64.284,202.4219,22.8965,409.50679114568356,46.39230472261431,12730.873794699546
2458384.54413344,2018.725651289364,16042.727915080544,0.5769476,64.2725,201.309,22.8505,408.7782470218199,42.46503582903486,12729.976561293188
2458386.41650755,2018.7307775702945,16041.984247224404,0.5771451,64.2732,200.6023,22.7477,405.29534466165114,39.81007469399685,12726.90105008909
2458389.45885912,2018.739107074935,16040.944608369837,0.5771435,64.2772,199.4345,22.7023,404.8813937891391,35.598253023379385,12726.09639158896
2458390.39490626,2018.7416698323343,16040.585654239101,0.5771815,64.268,199.0674,22.6654,404.12006544689484,34.27166035968207,12725.33331431347
2458392.73486404,2018.7480762875834,16039.61592285342,0.5771754,64.2686,198.1581,22.6619,403.80788673412826,31.052536470000916,12724.640784290854
2458393.4368186,2018.749998134429,16039.407658034313,0.5772153,64.2669,197.8892,22.6287,403.0798548797402,30.058571605585882,12723.973342740259
2458393.67080149,2018.7506387446683,16039.295897373022,0.5772968,64.2786,197.8105,22.6083,401.72540156644664,29.728851919428564,12722.858699451113
2458396.24442748,2018.75768494861,16038.27713121573,0.5773354,64.2773,196.8173,22.5376,400.6756883544431,26.12831850039919,12721.564615477888
2458400.2214061,2018.7685733226554,16036.478505715819,0.5774428,64.2694,195.2778,22.4616,398.1931552354599,20.593003844088884,12718.785704625405
2458401.39096002,2018.7717753867762,16035.754015631659,0.5774462,64.2692,194.8266,22.4316,397.8324951704162,18.959060760562153,12718.168287736924
2458403.26207177,2018.7768982115542,16034.57515620916,0.5774393,64.2619,194.0982,22.413,397.44500221035196,16.367843840509607,12717.320195782979
2458405.36686264,2018.7826608148932,16033.533092797516,0.5775908,64.2692,193.3175,22.2974,394.575586902125,13.397006638405827,12714.585981352046
2458408.40669547,2018.790983423601,16031.885910558267,0.5776016,64.2684,192.135,22.2208,393.7066576023544,9.141767503690687,12713.143756176956
2458409.34194196,2018.7935439889395,16031.499775586282,0.5775273,64.2725,191.76,22.2759,394.7346952413309,7.900063981776981,12713.773158675716
2458411.67991944,2018.7999450224224,16030.601524484997,0.5774636,64.2797,190.8315,22.2896,395.37635799040254,4.680891927885284,12713.862745480918
2458413.31642796,2018.8044255385628,16030.072187710164,0.5776926,64.2718,190.2394,22.1313,391.4818074041914,2.317506117394771,12710.559463023541
2458417.99157039,2018.8172253809441,16028.14014332619,0.5777822,64.2783,188.421,22.046,389.2297694068684,355.8058628601269,12707.898995144831
2458418.22530604,2018.8178653142784,16028.06778977504,0.577775,64.2791,188.331,22.0444,389.314622537765,355.4838868598191,12707.932322511955
2458420.32883893,2018.8236244734564,16027.302495546352,0.577787,64.2856,187.5294,21.9937,388.79916855211104,352.5582895556478,12707.174406830523
2458424.30180945,2018.8345018739224,16026.17629763703,0.5781216,64.2464,185.9118,21.8307,382.9613145650337,346.86182538794736,12702.065473654986
2458427.57332275,2018.843458789186,16025.027605815087,0.5780234,64.2483,184.675,21.8331,384.05036400799054,342.40293589306384,12702.392655075928
2458430.3771131,2018.8511351488025,16023.52319107036,0.5780332,64.2541,183.5867,21.7742,383.25850566174813,338.49224643107243,12701.076681945737
2458434.58220087,2018.862648051663,16021.822538403147,0.5782616,64.2534,181.9669,21.6394,378.8815024300811,332.5930014013135,12696.850174020485
2458437.15164428,2018.8696828043262,16020.889293946017,0.5782024,64.2549,180.9578,21.6142,379.43635405212444,329.0261904425332,12696.856802837772
2458438.0859439,2018.872240777276,16020.710050524089,0.5782204,64.2538,180.5914,21.59,379.07237682603045,327.71472018065066,12696.48787826314
2458441.12228387,2018.8805538230524,16019.853792680246,0.5783668,64.2565,179.4165,21.474,376.3659181399089,323.4311237011366,12693.963797547112
2458445.32600069,2018.892062972457,16018.476476865397,0.5783951,64.2328,177.7588,21.4317,375.3318731811869,317.5878299154059,12692.515635782516
2458449.06221137,2018.9022921598087,16017.579998958692,0.5784793,64.2239,176.297,21.3193,373.6052334670667,312.33112246889993,12690.743659425021
2458456.06675274,2018.9214695489122,16015.753767491511,0.5786076,64.2285,173.5704,21.2059,370.78061789229014,302.58726239160706,12687.678821739562
2458459.10164981,2018.929778644244,16014.84458549853,0.5786393,64.2398,172.3921,21.15,369.88982493687035,298.3617880721862,12686.558762117182
2458461.20258786,2018.935530699138,16014.278567983401,0.5786549,64.2163,171.555,21.1059,369.40150465482384,295.4098483103045,12685.913622842343
2458462.13629721,2018.9380870560167,16013.976426670955,0.5786652,64.2075,171.1836,21.0845,369.10925493612194,294.09675983396824,12685.544367725546
2458465.1706687,2018.9463947123882,16013.02890087514,0.5787042,64.2082,170.0005,21.0184,368.0855212173128,289.8568035402595,12684.301887542471
2458467.0378563,2018.951506793429,16012.525280375023,0.5786837,64.2055,169.2662,20.9969,368.20160478406706,287.26065436560646,12684.161514827203
2458467.9714247,2018.9540627644085,16012.341636801424,0.5786978,64.205,168.902,20.9741,367.8984587360401,285.9535048129187,12683.838210031143
2458471.00540333,2018.9623693451886,16011.652677762273,0.5787265,64.2021,167.714,20.9083,367.1486643452845,281.7093357321555,12682.930489187376
2458474.97255429,2018.9732308125672,16010.651819960329,0.5787673,64.1937,166.1607,20.8203,366.0737948818032,276.1579074757767,12681.623104585164
2458477.07268259,2018.9789806504866,16010.24932891642,0.5787941,64.185,165.3319,20.7758,365.4751778106365,273.2146658248307,12680.966261255213
2458479.17274026,2018.984730295031,16009.92760333939,0.5788058,64.1801,164.5044,20.7351,365.15234894645164,270.2765937887747,12680.563856059363
2458481.97270151,2018.992396171143,16009.240223734014,0.5787892,64.1749,163.4044,20.6855,365.1285820311832,266.36727838855137,12680.228800159148
2458484.07254632,2018.998145232909,16008.738843262274,0.5787918,64.172,162.5814,20.6484,364.875772440585,263.4375161527368,12679.798885625745
2458485.93898141,2019.0032552536895,16008.313740229478,0.5787701,64.1706,161.8552,20.6163,365.04409596548976,260.83960867175426,12679.735859762259
2458489.9049451,2019.0141134705002,16007.429139325654,0.5787947,64.1677,160.2981,20.5199,364.2776928584035,255.27715061993402,12678.72495458915
2458493.87058431,2019.0249707989324,16006.576969782498,0.5788125,64.1616,158.7393,20.4317,363.6338374602665,249.72151238436226,12677.825510824412
2458495.96994071,2019.0307185235042,16006.271010015016,0.5787611,64.1337,157.8941,20.392,364.3276933606139,246.7674315385154,12678.231359156469
2458498.30247586,2019.0371046567006,16005.932609455525,0.5787338,64.1355,156.9783,20.3302,364.6221078414137,243.49082358780186,12678.307545330528
2458502.03435315,2019.0473219798769,16005.341148341382,0.5787631,64.1334,155.524,20.2391,363.9039887697645,238.26718724429963,12677.469617223474
2458504.83312227,2019.0549845921155,16004.927095858142,0.5787287,64.1185,154.4117,20.1779,364.28014407738374,234.33514683842506,12677.57537685547
2458505.2995805,2019.056261685147,16004.887304629994,0.5788232,64.1213,154.236,20.123,362.75091932468604,233.6447933470277,12676.352299775976
2458510.89675537,2019.0715859147704,16003.737447470558,0.578705,64.1181,152.0328,20.0587,364.1582679321082,225.86057068269884,12676.931821063767
2458513.92829337,2019.0798858134708,16003.273591786072,0.5786065,64.1,150.8295,19.9834,365.53917030030334,221.5940071505457,12677.805890367239
2458517.89237573,2019.0907388794797,16002.208249205705,0.5786176,64.1002,149.2816,19.8868,364.912617350099,216.04240338729093,12676.822044482506
2458521.85608125,2019.101590913758,16001.286264643239,0.5786184,64.0947,147.7185,19.7847,364.5113082533917,210.4704710471059,12676.08157459208
2458524.8869133,2019.1098888796714,16000.531350014555,0.5785587,64.0881,146.5057,19.7102,365.14843284088874,206.19590331825003,12676.235746238617
2458526.9850468,2019.1156332561266,16000.049325597078,0.5784719,64.097,145.7124,19.6827,366.33409212521656,203.3071277944385,12676.947300195989
2458530.24862597,2019.1245684489254,15999.282647356435,0.5786362,64.0947,144.4545,19.5138,363.3822335641662,198.66365838687807,12674.270045605945
2458534.91048684,2019.1373319283782,15998.217968814535,0.5784702,64.0836,142.558,19.4933,365.5893207507961,192.15180578380924,12675.517714182537
2458535.84280418,2019.139884474141,15997.960657679694,0.5784412,64.0752,142.1754,19.4817,365.9447972986627,190.838689309248,12675.679060160568
2458539.57184466,2019.150094030555,15997.102092419345,0.5784183,64.0857,140.7558,19.3589,365.9491951957034,185.62084900020264,12675.287152805307
2458540.73710979,2019.1532843526081,15996.867119996892,0.5784154,64.0831,140.2908,19.3376,365.89652603704144,183.9860330611022,12675.137488212862
2458546.09688985,2019.1679586306645,15994.97468131611,0.5784094,64.0879,138.1804,19.1864,365.194672880868,176.44169296077163,12673.713551746841
2458547.72791735,2019.1724241405884,15994.359362981619,0.5783958,64.0873,137.5379,19.1514,365.1527837423746,174.156609388192,12673.397213105745
2458549.8248382,2019.1781651969886,15993.739383899632,0.578355,64.09,136.7185,19.1193,365.5439425243612,171.23832908407235,12673.419545406414
2458551.68864521,2019.1832680224782,15993.073860145672,0.5783411,64.095,135.9879,19.0742,365.485631487777,168.62561190789336,12673.067136777208
2458553.08643405,2019.1870949597535,15992.687772843516,0.5783548,64.0985,135.4392,19.0248,365.1037345181594,166.64981448870918,12672.588767361302
2458554.48416118,2019.1909217280765,15992.248013416987,0.5783337,64.0996,134.8889,19.0029,365.25574849989243,164.6999778924243,12672.50586023121
2458558.67698771,2019.202401061492,15990.743731289043,0.5782844,64.0997,133.2337,18.9316,365.4097870867972,158.84091786289025,12671.934205151265
2458560.07445915,2019.206227129774,15990.050364826417,0.5783259,64.1094,132.6958,18.8644,364.4537965428517,156.85843328134624,12670.86256061113
2458564.73205474,2019.2189789315269,15988.165128774966,0.5782377,64.112,130.8574,18.7971,365.0689974919269,150.36208465032578,12670.478260504204
2458567.0605776,2019.225354079671,15987.459360137835,0.5782946,64.1214,129.9544,18.708,363.8616444506697,147.07493131847497,12669.20317291411
2458569.38893997,2019.2317287884193,15986.662228360134,0.5782232,64.1199,129.0239,18.6911,364.66693735860554,143.83263616902863,12669.469602543391
2458570.78587716,2019.2355533940035,15986.16519420957,0.5782443,64.1196,128.4729,18.6503,364.1199917994927,141.8639781587226,12668.810317537236
2458572.41554277,2019.2400151752777,15985.351948925085,0.5782322,64.1266,127.8395,18.6144,363.97042372384567,139.58843690003098,12668.31801322872
2458574.04509561,2019.2444766478027,15984.710392273808,0.5782365,64.1328,127.2044,18.5689,363.6311015317733,137.3017067909979,12667.75550433316
2458576.37284208,2019.2508496703078,15983.61234631471,0.5782084,64.1307,126.2754,18.5269,363.6171253318362,134.0364186891572,12667.238671708139
2458582.65632467,2019.2680529080635,15979.857327575453,0.5781397,64.1378,123.8049,18.3977,363.1311061681781,125.24355309714923,12665.126368628551
2458584.51760871,2019.2731488260372,15978.238764353775,0.5781061,64.1438,123.0687,18.3701,362.9851674243955,122.64522262659659,12664.26582390257
2458586.37863011,2019.278244024942,15976.721546142491,0.5780642,64.1364,122.3254,18.3506,363.0144869488686,120.04815102088338,12663.58977519962
2458588.70455254,2019.2846120534978,15974.975125900575,0.5781514,64.1597,121.4354,18.2239,360.88459189598143,116.73896074077376,12661.109869875303
2458589.63481888,2019.2871589839285,15974.35751883372,0.5780749,64.1556,121.0607,18.2431,361.8460935696703,115.46656578573706,12661.581557309479
2458591.96022709,2019.293525604627,15972.824260752654,0.5780242,64.1616,120.1446,18.205,362.00899569050944,112.2203823343566,12661.003121892256
2458594.75030402,2019.301164418946,15971.104079911356,0.5779985,64.1672,119.0456,18.1482,361.6935783787121,108.31460917945694,12659.96236334598
2458596.61011737,2019.3062563103897,15969.961963602876,0.5779944,64.1698,118.3174,18.1026,361.2770804274096,105.70772825974831,12659.108516522638
2458603.58261629,2019.3253459720468,15965.646423420214,0.5779628,64.1905,115.5976,17.9095,359.96041273028186,95.92255006316847,12656.084350383293
2458604.27970327,2019.327254492184,15965.242426877327,0.5778812,64.1611,115.252,17.9847,361.0926749425453,94.96508281378789,12656.788285839666
2458607.53240432,2019.336159902313,15963.017058275915,0.5775802,64.1672,113.9794,18.0432,364.95817315349996,90.54503516729505,12658.79970589323
2458609.62304279,2019.3418837584948,15961.425717134927,0.5778049,64.2049,113.2289,17.8381,360.69942678835287,87.52884694187833,12654.719755951395
2458610.31985668,2019.3437915309514,15960.952366225993,0.5776916,64.2179,112.9724,17.8606,362.3079562571129,86.60804885749658,12655.765538149846
2458615.89313897,2019.3590503462553,15956.230442784954,0.5775826,64.1988,110.709,17.7604,362.0530774420695,78.75127534805875,12653.387784971943
2458619.6070737,2019.3692185453801,15952.409885002267,0.5776539,64.2028,109.2399,17.6272,359.30180053215554,73.4884236631902,12649.46454245894
2458625.40790792,2019.385100363915,15948.284815801355,0.5774933,64.2184,106.9533,17.5379,360.1208881843386,65.39506899059558,12648.205432062998
2458628.19163359,2019.392721789432,15946.79605315849,0.5775135,64.2166,105.8535,17.4546,359.16975071274464,61.468255804486745,12646.771748546938
2458632.36642528,2019.4041517461465,15944.312850692555,0.577398,64.2196,104.2107,17.3623,359.9621993283754,55.618371387275744,12646.248525168105
2458633.52589941,2019.4073262133054,15943.483104892892,0.5773668,64.2199,103.7533,17.3362,360.1089837668187,53.992063210071095,12645.980956636207
2458638.39468515,2019.4206562221768,15940.147341137603,0.5771917,64.2449,101.8679,17.2732,361.4902990559103,47.244860016305395,12645.52590248417
2458639.3219144,2019.4231948375084,15939.54543516641,0.5771838,64.2354,101.4676,17.2644,361.36173062440776,45.921858496945816,12645.14721868517
2458641.4079632,2019.4289061278575,15937.92309693682,0.5772034,64.2333,100.6434,17.1892,360.363396446357,42.96639397124663,12643.615044236169
2458646.27424993,2019.4422292948116,15934.531736205889,0.577016,64.2473,98.7371,17.107,361.91567190731166,36.181553867826295,12643.26754125683
2458646.73762664,2019.4434979511022,15934.293418639427,0.5770452,64.2421,98.5471,17.0931,361.34958602195456,35.520937603161826,12642.71346624401
2458651.37071437,2019.456182653991,15931.492630660085,0.5769641,64.2405,96.7112,16.9671,361.4570233546565,28.992544563291148,12641.50469885949
2458658.78141657,2019.4764720508415,15927.686197240433,0.5767171,64.2509,93.7862,16.8487,363.78090385790256,18.644961697081243,12641.568940920715
2458659.70756853,2019.4790077167145,15927.31269782409,0.5767383,64.246,93.417,16.8116,363.28514891261057,17.32582198275813,12641.007827762898
2458662.71730339,2019.4872479216706,15926.007023311273,0.5766844,64.2491,92.2342,16.7322,363.590918677226,13.097148198621397,12640.644389097992
2458668.27267822,2019.5024577090217,15923.041728605356,0.5764787,64.2537,90.038,16.6365,365.6110328531877,5.329724752184944,12640.857254927254
2458669.42985308,2019.5056258811221,15922.530905185984,0.5764499,64.2537,89.5819,16.6086,365.8532571446149,3.7051827960506927,12640.81093901944
2458670.58697789,2019.508793916195,15922.059843056932,0.5764448,64.2541,89.1253,16.5749,365.73494123794717,2.074390169796743,12640.500571348406
2458671.28122194,2019.5106946528135,15921.743561190491,0.5764312,64.2545,88.8512,16.5563,365.8175141211823,1.097424987089397,12640.419084328889
2458672.20685351,2019.5132288939353,15921.430831937007,0.5764152,64.2548,88.4859,16.5321,365.93979465987013,359.79559818328016,12640.370334112406
2458674.28941225,2019.5189306290208,15920.522058912988,0.5763723,64.2545,87.6633,16.4817,366.2378426165742,356.86997355254834,12640.183755496815
2458678.22255229,2019.529698979576,15918.53098247754,0.5762177,64.2647,86.1153,16.4157,367.8553723755904,351.3793673525889,12640.529910478417
2458680.30457448,2019.535399245667,15917.83498431574,0.5761498,64.2728,85.3047,16.3756,368.6412416692219,348.47657155993693,12640.823290747052
2458683.31167423,2019.5436322360842,15916.84111369044,0.5761418,64.2757,84.1133,16.2569,368.3473241348247,344.2025950096419,12640.133695710176
2458686.54978774,2019.5524977077077,15915.940406717136,0.5760571,64.2653,82.8196,16.216,369.3136322508426,339.6764252252422,12640.4734557132
2458690.25014345,2019.5626287295008,15914.80042203222,0.5759355,64.2723,81.3741,16.1433,370.7655835688811,334.5110573796613,12641.082261375124
2458702.50517983,2019.5961811904995,15911.585678965697,0.5756466,64.2593,76.5178,15.8585,373.99918226040154,317.29107142022633,12642.123678520671
2458703.89228928,2019.599978889199,15911.152552485406,0.5755924,64.2518,75.9693,15.8285,374.67776803420475,315.34539988833575,12642.45367344157
2458710.13380423,2019.617067225818,15909.90365943241,0.5754727,64.2551,73.4982,15.7104,376.05214379896097,306.6043987055255,12642.949702879392
2458714.0633067,2019.6278256172484,15909.391535550349,0.5752846,64.2538,71.9499,15.6395,378.82728977787974,301.11217779058205,12644.88061940573
2458716.1435549,2019.6335210264199,15909.080858811265,0.5752225,64.2481,71.1242,15.591,379.6832945037022,298.1876304888632,12645.405273736122
2458719.14826592,2019.6417474768518,15908.688740867083,0.5751672,64.2404,69.9229,15.5196,380.3964821110376,293.9534083333582,12645.780573466456
2458720.99726926,2019.646809772102,15908.495044106883,0.5750943,64.2517,69.2167,15.4927,381.4739226627671,291.39788204330426,12646.532065992826
2458724.00181566,2019.6550357718272,15908.117619546943,0.5749823,64.248,68.0277,15.4545,383.0952619893178,287.2093221421679,12647.622786322332
2458727.0062348,2019.6632614231348,15907.715046585266,0.5749388,64.2424,66.8378,15.3807,383.61614695958997,282.9843876714804,12647.842765855867
2458729.08611435,2019.6689558229973,15907.05382828261,0.5748244,64.2448,66.0102,15.3283,385.15485567235464,280.05440372096126,12648.736958798056
2458730.01047004,2019.6714865709519,15906.862803393546,0.5748016,64.242,65.6423,15.3182,385.4363130224501,278.76533445735447,12648.868000392938
2458732.09023004,2019.6771806435038,15906.482094048815,0.5748326,64.2351,64.8199,15.2284,384.7813350732895,275.80326833860875,12648.180575727944
2458733.93883935,2019.6822418599586,15906.222182827627,0.5747788,64.2311,64.0828,15.2018,385.52658404858266,273.2175304148878,12648.641500356112
2458736.94273734,2019.6904660844352,15905.805518801502,0.5746565,64.2361,62.9178,15.157,387.2946896863468,269.0470096032901,12649.82739883872
2458742.02601598,2019.7043833428615,15905.314132892236,0.574604,64.2273,60.9102,15.0294,387.92071087582553,261.9015965698539,12650.087745261497
2458746.41597435,2019.7164023938403,15904.977564265424,0.5745024,64.2223,59.1669,14.8947,389.3934816487845,255.69673821748165,12651.079910989669
2458748.03329034,2019.7208303636965,15904.829374859271,0.574487,64.2158,58.5233,14.8543,389.5753617844939,253.41866906930701,12651.15297098143
2458750.11266736,2019.7265233877067,15904.697822600117,0.5743882,64.2308,57.7097,14.846,391.09076873291633,250.54728042558338,12652.273089430893
2458753.34716825,2019.7353789685149,15904.41598655375,0.5743006,64.2173,56.4378,14.7392,392.36404282633794,245.98057133469354,12653.134537352693
2458757.96770344,2019.7480293044223,15903.71599461872,0.5741751,64.2042,54.6097,14.649,394.06197303691624,239.50815040799046,12654.132518296836
2458760.97088606,2019.7562515703219,15903.253596870501,0.5739947,64.2045,53.4182,14.6349,396.73401951089727,235.3425346841531,12655.998747409654
2458761.8949166,2019.7587814280632,15903.151172931892,0.5739583,64.1986,53.044,14.624,397.26926107289637,234.04668589724986,12656.367905508594
2458764.89794152,2019.7670032622038,15902.759003929143,0.5739723,64.214,51.873,14.5001,396.8795420982233,229.79192560659905,12655.882476752116
2458769.05579253,2019.7783868378647,15902.214347179557,0.5739238,64.2088,50.2394,14.3903,397.4187606317464,223.95043836872225,12656.04942360772
2458774.83026357,2019.7941964779466,15901.487051761473,0.573707,64.1873,47.9512,14.2551,400.55631975655433,215.83556793926817,12658.153442055462
2458777.83282133,2019.8024170330734,15901.063817917915,0.5736681,64.1796,46.7583,14.1711,400.9944495141981,211.59926809357967,12658.297745916934
2458779.21857548,2019.8062110211633,15900.914544481995,0.5736601,64.1865,46.2171,14.1259,401.0580168029992,209.64703238118017,12658.277871868044
2458779.91144438,2019.8081079928268,15900.843593698297,0.5736543,64.1848,45.9421,14.1088,401.1199925458168,208.67202258239269,12658.293132534674
2458785.91596628,2019.8245474778366,15899.46456853702,0.573452,64.1829,43.5686,14.025,403.7485127803293,200.29650797883718,12659.69679415727
2458787.76335829,2019.8296053615054,15899.070301575253,0.573511,64.1812,42.8461,13.9177,402.6422938485284,197.6458698580621,12658.653468489156
2458794.45964276,2019.8479387892128,15898.091177213211,0.5734581,64.1744,40.2,13.7601,403.06571710176013,188.24213588337784,12658.527850438679
2458796.76857318,2019.8542602961802,15897.762772229362,0.5734401,64.1837,39.2939,13.6721,403.2117983458793,184.972293375106,12658.48885642983
2458800.69359157,2019.8650064108692,15897.091136518846,0.5733986,64.1848,37.7465,13.5818,403.58503476653095,179.465992087048,12658.466978437835
2458801.84795958,2019.8681668982338,15896.885950393602,0.5734179,64.186,37.2929,13.5311,403.19069217939796,177.82391663582752,12658.065070458919
2458803.69490129,2019.8732235490484,15896.636829180174,0.5734012,64.1852,36.5619,13.4902,403.34989536406647,175.23162234261974,12658.073093055966
2458805.77265499,2019.8789121286522,15896.339716817709,0.5733778,64.1915,35.7451,13.4494,403.5951219361468,172.3261336852242,12658.125680948762
2458806.69607864,2019.8814403248184,15896.205551061792,0.5733898,64.1876,35.3782,13.4191,403.34712937958193,171.01878306535383,12657.87055656058
2458809.69713923,2019.8896567809174,15895.729168068789,0.5734466,64.188,34.1954,13.3219,402.24102211891295,166.7808588697258,12656.78927971286
2458812.69802226,2019.8978727508827,15894.868305143813,0.5734674,64.1947,33.017,13.2322,401.5432048505845,162.55500968226877,12655.846767893467
2458817.77595313,2019.911775367912,15893.84399759855,0.5734575,64.1753,30.9965,13.1191,401.2636533456798,155.41646755167304,12655.15353581687
2458819.62235813,2019.9168305492944,15893.552958150241,0.5735408,64.1998,30.2774,13.0433,399.8155796903857,152.80170225397137,12653.892304440726
2458821.93029586,2019.9231493384254,15893.19962516329,0.573576,64.2226,29.379,12.9845,399.1054569606313,149.56973816680562,12653.175905313046
2458824.46892518,2019.9300997267076,15892.70539786142,0.5735763,64.2234,28.3768,12.9454,398.88993876603854,146.02629838530123,12652.778724128051
2458824.9304827,2019.9313634023272,15892.624293676761,0.5735774,64.2194,28.1943,12.9344,398.8378721328081,145.37787516221647,12652.700557424765
2458828.39201635,2019.9408405649551,15891.794361727212,0.5735744,64.234,26.8319,12.8423,398.5316457761428,140.511596616188,12652.076897857134
2458831.62253287,2019.949685237153,15891.048334507725,0.5738247,64.1985,25.5197,12.7254,394.23599127333,135.8984146248994,12648.388474037169
2458838.54427087,2019.9686359229838,15889.269585121416,0.5739531,64.226,22.8011,12.5682,391.4377500052651,126.20036772585507,12645.384700782015
2458841.54330016,2019.9768468176871,15888.34061768193,0.574082,64.2289,21.6289,12.4444,388.9939592018527,121.94844563265087,12643.050801026995
2458844.54207995,2019.9850570292956,15887.50117917792,0.5741393,64.2462,20.4488,12.4092,387.7260734155343,117.77746945358541,12641.673854494797
2458850.3082651,2020.0008439838462,15885.790101056304,0.5743751,64.2527,18.1653,12.252,383.25152318307846,109.65346581542411,12637.394071333736
2458853.53689324,2020.0096834859417,15884.51199091745,0.5745201,64.2288,16.8717,12.1515,380.4042734443574,105.07714506101766,12634.582081639537
2458860.68421633,2020.0292517900884,15880.709001026602,0.5746452,64.2569,14.0555,12.013,376.79950098987047,95.0778555681369,12630.008173771625
2458862.29777252,2020.0336694661744,15879.845485046191,0.5747206,64.2767,13.4285,11.969,375.2348599731531,92.816492177194,12628.387624382336
2458863.45023267,2020.0368247301033,15879.255428402437,0.5747198,64.2753,12.9703,11.9415,374.9966244420739,91.19489716286546,12627.92829218819
2458869.44199979,2020.0532292944279,15876.172101783088,0.5749727,64.2718,10.5901,11.7473,369.6702627561908,82.71485400595395,12622.343706049585
2458871.28525983,2020.0582758653795,15875.177698859892,0.5746663,64.3045,9.8656,11.8907,374.1117688135646,80.31698846340805,12625.347882757309
2458876.3532019,2020.0721511345657,15871.916853571489,0.5750314,64.2798,7.844,11.6737,366.9299845786809,73.08329155632748,12618.233391763764
2458876.81385059,2020.073412321944,15871.594087734464,0.575078,64.2788,7.6654,11.6474,366.0532029483038,72.42436410017791,12617.399443084694
2458877.50479236,2020.0753040174131,15871.082579897744,0.575069,64.2784,7.3901,11.6287,365.978691758527,71.44935373129573,12617.104317739391
2458881.41930336,2020.086021364435,15867.079450534733,0.5752382,64.279,5.8257,11.4374,361.59292815214394,65.83540880335556,12611.825719657336
2458883.49110951,2020.0916936605338,15865.213912474512,0.5751205,64.2921,5.0114,11.4622,362.66785452521344,63.003882207850154,12611.801013683516
2458886.48304726,2020.0998851396578,15862.377940908213,0.5749866,64.2866,3.8194,11.4587,363.58688075039845,58.859449723232046,12611.20458300074
2458890.39416678,2020.1105932013147,15857.664909045283,0.5752635,64.274,2.2481,11.2848,357.1927916407112,53.25934752673203,12604.029313737015
2458891.54419385,2020.1137418038327,15856.58820972964,0.5751985,64.2918,1.811,11.3029,357.7661563754664,51.70685062022284,12603.978433275535
2458892.69408386,2020.1168900311025,15855.224714509239,0.5751662,64.2904,1.3512,11.2746,357.6990653188759,50.08538880314359,12603.29452036686
2458895.45331614,2020.1244443973717,15852.648492346243,0.5752657,64.2959,0.2434,11.2006,355.02726054273717,46.18401694621258,12600.014914318916
2458897.75214176,2020.1307382389055,15850.417820749919,0.5752235,64.2926,359.3229,11.1387,354.748705435778,42.93583399405668,12598.764313057785
2458907.39904749,2020.1571500273517,15835.811849120086,0.5749881,64.2899,355.4682,10.9545,352.2721820370407,29.388690153387813,12590.064972315009
2458910.38250333,2020.1653182842704,15831.494156061144,0.5748572,64.2798,354.2597,10.8952,352.5094536914721,25.18031766264403,12588.24939779925
2458925.5104366,2020.2067363082822,15809.817959710772,0.5746464,64.2582,348.1769,10.4913,346.6266845076316,3.7831290184075783,12573.613375636449
2458929.63080936,2020.2180172740868,15803.442359680887,0.5744856,64.2615,346.5142,10.418,346.4559936141959,357.98598132877197,12570.524106260818
2458931.00366733,2020.2217759543598,15800.949343455539,0.5744263,64.269,345.9697,10.3806,346.3321756069454,356.05095643048566,12569.271428872613
2458933.06242095,2020.2274125145784,15797.60637670989,0.5744166,64.2663,345.1423,10.3066,345.0627336618745,353.1203947517321,12566.731610143033
2458934.20591186,2020.2305432220667,15796.287120405488,0.5744051,64.2655,344.6815,10.2695,344.68293738026114,351.4954400559809,12565.82374069497
2458936.49241825,2020.2368033353869,15793.406263197514,0.574359,64.2625,343.7476,10.2107,344.18493527365354,348.2490992607124,12564.099435792363
2458937.17824979,2020.238681039808,15792.633749261824,0.5743482,64.2525,343.4679,10.1931,344.026682114044,347.2758256691249,12563.617788762656
2458944.2614146,2020.258073688159,15782.071213289413,0.5741342,64.2541,340.6056,10.0309,342.908082904466,337.2699722627643,12557.845989736952
2458950.42511745,2020.274948986858,15773.947897495946,0.5739668,64.2502,338.1088,9.906,342.08919940347005,328.5731647311696,12553.43835779888
2458958.40842219,2020.2968060840253,15764.640163266478,0.5738042,64.2396,334.8563,9.7204,340.68712609548766,317.26650975090286,12548.02611648217
2458960.00430877,2020.3011753833537,15763.330341637335,0.5737943,64.243,334.2091,9.6718,340.2849425887798,314.99776199266205,12547.10499150568
2458961.37197389,2020.3049198463789,15761.294882803344,0.5736895,64.2338,333.6616,9.646,341.0692021353352,313.07645530360963,12546.770039373194
2458962.05571536,2020.3067918285017,15760.47846949707,0.573677,64.2268,333.3824,9.6253,340.9181625513993,312.1026417394204,12546.27339672586
2458964.10664878,2020.312406978179,15758.51220285018,0.5736232,64.2265,332.5454,9.5821,340.92770581220975,309.2009878555013,12545.367638411939
2458967.06849714,2020.320516077043,15755.914207725156,0.5736055,64.2273,331.343,9.5037,340.0988606458641,305.000912264516,12543.516291983144
2458967.06849735,2020.320516077618,15755.911958449029,0.5736082,64.2279,331.343,9.5026,340.055360604606,304.99981205752135,12543.481412407467
2458972.0791868,2020.3342345976725,15751.70680940504,0.5733782,64.2277,329.3023,9.4506,341.8852121006357,297.9684448378453,12542.950778291963
2458973.21771863,2020.3373517279401,15750.881260431688,0.5734458,64.2188,328.834,9.3721,340.46825533843,296.29947794158727,12541.465616776386
2458975.03917089,2020.3423385924439,15749.541067644346,0.5734584,64.2186,328.1085,9.3134,339.6981462587273,293.7200067202154,12540.244209773846
2458979.13657829,2020.3535566825183,15746.726560683977,0.5733119,64.2055,326.4238,9.2652,340.80453739778113,287.9485942934295,12539.796564637552
2458985.05352085,2020.3697563883638,15743.818138017876,0.5733408,64.2062,324.0157,9.0956,339.10855171219646,279.539000189005,12537.126806268641
2458985.28105994,2020.3703793564405,15743.709329948691,0.5731645,64.1984,323.9225,9.1609,341.837743703315,279.2868316814325,12539.197176369898
2458990.28644694,2020.3840833591792,15741.544712413044,0.5731032,64.1655,321.868,9.0213,341.8787647860481,272.15929069553675,12538.222827081021
2458993.01623342,2020.3915571072416,15740.490693960477,0.5731282,64.1832,320.7593,8.9124,341.0352954141581,268.2511413930189,12537.077589116163
2459000.97683315,2020.4133520414778,15738.173299889895,0.5728958,64.1504,317.5478,8.7759,343.70361671083447,257.0569650679682,12538.072519568414
2459003.02353417,2020.4189556034767,15737.4455761815,0.5726941,64.1284,316.6562,8.8171,346.5670456312546,254.18928274836742,12539.956773509593
2459007.34396226,2020.4307842909243,15736.272042444853,0.5731505,64.1541,314.9258,8.5073,338.8835531815639,247.89075526729607,12533.444859718127
2459008.02608749,2020.4326518480216,15736.08512553379,0.5729269,64.1114,314.6412,8.5244,342.3223564256041,246.95093471220366,12536.02894099958
2459011.20924289,2020.4413668525397,15735.360934552977,0.5726408,64.123,313.3325,8.5792,346.5149607018129,242.55963308571006,12538.946514850611
2459012.34603029,2020.4444792068166,15735.111415416273,0.5726515,64.121,312.8679,8.5532,346.239960711021,240.94858554601478,12538.617036207866
2459015.98357397,2020.4544382586446,15734.481102870197,0.5725956,64.1087,311.3903,8.435,346.8501550835754,235.7675268879653,12538.797234913714
2459020.30292353,2020.4662639932371,15733.91180102785,0.5724151,64.1351,309.6358,8.3536,349.44680405131385,229.67436243462055,12540.546506485825
2459021.89419882,2020.4706206675428,15733.624713491181,0.5724322,64.1318,308.986,8.3176,349.05500477305486,227.42015968460493,12540.10903214277
2459024.84934666,2020.4787114213827,15733.274789615598,0.5723633,64.0728,307.7613,8.2442,349.9894112244083,223.20938830218233,12540.670779212349
2459025.30398184,2020.4799561446684,15733.281394022093,0.5724199,64.111,307.6022,8.1877,349.10173178410605,222.54568791936458,12539.985479855033
2459029.85008086,2020.4924026854478,15732.428481546429,0.5722441,64.0547,305.7088,8.0993,351.50280430952535,216.08313323875404,12541.450140806011
2459032.80485755,2020.5004924231353,15731.923154149075,0.5723316,64.0606,304.5099,7.9896,349.9101042578877,211.8622276712723,12539.980107032901
2459036.89584209,2020.5116929283772,15730.983478953161,0.5722386,64.0663,302.837,7.8724,350.9712163338745,206.03994578419707,12540.36529479308
2459040.07744022,2020.5204036693221,15730.271385242217,0.5720374,64.061,301.5425,7.9426,353.8315407338605,201.67977904401067,12542.250414872611
2459041.8954171,2020.5253810187537,15729.96680562201,0.5720514,64.0809,300.8018,7.8152,353.4809725124114,199.0198332486387,12541.836935761152
2459045.0767244,2020.5340909634492,15729.28439680794,0.572042,64.0428,299.4832,7.7193,353.33679188913175,194.4697531582957,12541.407396904164
2459045.7584026,2020.535957296646,15729.140647171393,0.572047,64.026,299.2002,7.7117,353.1966273789394,193.50727320743857,12541.231845829589
2459052.12016713,2020.5533748586724,15727.564667951,0.572086,64.0427,296.607,7.4777,351.9088073215844,184.409750877892,12539.500004430489
2459053.02892367,2020.55586289848,15727.391992015506,0.5719263,64.0457,296.2448,7.5227,354.3465813724479,183.19685654719075,12541.308205897583
2459060.75241392,2020.5770086623413,15725.022982370529,0.571972,64.0534,293.0752,7.2881,352.6138370980916,172.18018155716436,12538.862442410493
2459062.11520995,2020.5807397945246,15724.66956028321,0.5718611,64.0625,292.5337,7.3028,354.20642840313667,170.31017397112066,12539.931364263515
2459065.52196543,2020.5900669826972,15723.426847523568,0.5719132,64.0612,291.1399,7.2212,352.85518419045184,165.4769862290422,12538.305871027313
2459067.11160872,2020.5944191888293,15722.639821534567,0.5719818,64.0629,290.4926,7.1308,351.43969566154647,163.17249202143518,12536.84278700531
2459068.4740744,2020.5981494165642,15722.049432219139,0.5721685,64.0594,289.9455,7.036,348.2516916604627,161.1877100369312,12534.097550995633
2459072.78807291,2020.6099605007807,15720.364943615203,0.571875,64.0584,288.1521,7.0357,352.14494148525864,155.14201971893942,12536.329335442326
2459074.60429,2020.6149330321703,15719.688357701369,0.5719242,64.0536,287.4022,6.9789,351.08186947369995,152.5452084187304,12535.190757817316
2459075.73936024,2020.6180406851192,15719.153388409284,0.5719068,64.053,286.9327,6.9635,351.1263753349722,150.94155335705443,12534.97601550692
2459076.64738244,2020.6205267144148,15718.798059970164,0.5718956,64.0553,286.5653,6.9501,351.15031218469176,149.66578281063335,12534.82902189043
2459080.05218566,2020.6298485575912,15717.388053394669,0.5720801,64.0824,285.1955,6.8173,347.6468240698414,144.8073192671268,12531.458103027631
2459080.50611857,2020.6310913581656,15717.163431998415,0.5719735,64.0613,284.9863,6.8426,349.22615372626933,144.17601106038143,12532.57710888487
2459081.41396422,2020.6335769040927,15716.79839475747,0.5719413,64.0624,284.6093,6.8433,349.5759890219697,142.9049145266303,12532.678066277977
2459085.04497834,2020.6435180789601,15715.036169482562,0.5720213,64.0622,283.1206,6.7603,347.5644502681271,137.75439157438439,12530.298916845266
2459088.44844731,2020.652836269158,15713.03758153222,0.5720679,64.0677,281.7254,6.6765,345.9768696440051,132.92084310317853,12528.13801705146
2459091.39753687,2020.6609104363315,15710.727925628964,0.5720686,64.0754,280.5097,6.6172,344.97749623349773,128.73914292064893,12526.287987358679
2459096.61318514,2020.6751901030523,15705.509121942305,0.5720625,64.0757,278.3541,6.5189,342.8400098711845,121.34456290118618,12522.201227136844
2459097.52000208,2020.677672832526,15704.769835481884,0.5721163,64.0861,277.9965,6.4715,341.67872485437965,120.04578029063413,12520.957063005711
2459098.65342567,2020.6807759771943,15703.738525972001,0.5721305,64.0854,277.5323,6.4455,341.01445123837766,118.43844821004166,12519.962019088602
2459099.56009021,2020.6832582894176,15702.985495756458,0.572174,64.0905,277.1624,6.4134,340.00917270750324,117.14281580962,12518.83226065131
2459101.3732219,2020.6882223734424,15701.396915706515,0.572187,64.0901,276.4174,6.3733,339.12541869915094,114.57064556072464,12517.407597093708
2459103.63924655,2020.6944264108142,15699.387460042595,0.5721808,64.0846,275.4707,6.3406,338.363083645454,111.3577921068524,12515.88106952954
2459104.99864112,2020.6981482303074,15697.93002154927,0.5721743,64.0861,274.9118,6.3149,337.8416000203306,109.43333708930993,12514.798253860225
2459106.35786841,2020.7018695918143,15696.652903970857,0.5722118,64.1007,274.3656,6.2851,336.70659181446445,107.51764694684408,12513.32386320242
2459108.62279843,2020.7080706322513,15694.033411753653,0.5722336,64.0987,273.4342,6.2294,335.2438740255775,104.29817238951739,12510.97040966523
2459111.34001051,2020.7155099534834,15691.353314732196,0.5722828,64.0943,272.307,6.1904,333.3254039879739,100.45381674596211,12508.235409351495
2459116.31965008,2020.7291434636004,15685.345922887258,0.5722715,64.1037,270.2595,6.0901,330.93318357768203,93.39795310384716,12503.584075214443
2459121.29533336,2020.7427661419845,15674.768503343206,0.5723211,63.9831,267.9381,6.0201,325.6314512644685,86.10238888556341,12494.549512798614
2459124.45895049,2020.7514276536351,15667.94272783337,0.5722465,64.1029,266.8844,5.8767,323.8810396302715,81.78714469135991,12490.01475934637
2459126.26580752,2020.7563745585767,15664.081958398372,0.5721415,64.1151,266.145,5.8807,323.8743105973899,79.27085891239568,12488.211891812385
2459129.87749886,2020.7662628305545,15655.442577405838,0.5719911,64.1116,264.6519,5.8071,322.5324565686378,74.14438100040587,12483.148579696031
2459134.83894221,2020.779846522136,15645.16952003708,0.5719929,64.1152,262.5864,5.6975,318.10733527946195,67.07915203102459,12474.935355931468
2459135.51511938,2020.7816977943323,15643.720047854209,0.5719886,64.12,262.3092,5.6808,317.55421889014724,66.11879404039263,12473.83170815013
2459136.41653141,2020.7841657259687,15641.666561256421,0.5719568,64.119,261.934,5.6608,317.1727082131938,64.83513865126787,12472.579644974712
2459141.59607521,2020.7983465440377,15628.554245662945,0.5717246,64.1014,259.7636,5.5633,315.1890209829953,57.46214414640963,12464.934279783482
2459142.49615715,2020.8008108340857,15625.690934486147,0.5716536,64.1152,259.4008,5.567,315.072159299777,56.215899729165926,12463.509411355157
2459143.17105143,2020.8026585939222,15623.527899535839,0.5715571,64.1412,259.1378,5.5858,315.6533015080422,55.30650618804134,12462.950997601896
2459143.17105143,2020.8026585939222,15623.527899535839,0.5715571,64.1412,259.1378,5.5858,315.6533015080422,55.30650618804134,12462.950997601896
2459150.3604769,2020.8223421681037,15597.380439869878,0.571274,64.099,256.0879,5.336,308.86622646365413,44.92071948265243,12445.508998101019
2459157.08211902,2020.8407450212735,15567.497581212097,0.5703737,64.1083,253.2899,5.4472,310.07008607510306,35.60889234151881,12432.491261471876
2459160.43604741,2020.849927576756,15554.245347577093,0.5701687,64.1184,251.8903,5.3065,307.5651982680138,30.76287236784293,12424.367524057205
2459172.02375136,2020.8816529811359,15496.83399005046,0.5693538,64.0893,246.9448,4.9664,295.5163698460683,14.05612679106568,12388.238053965038
2459172.69026679,2020.8834778009305,15493.31574036855,0.5692565,64.0993,246.6754,4.9578,295.50874861143984,13.121191665017022,12386.585672669438
2459173.57861514,2020.8859099661606,15486.947658175663,0.5691883,64.1019,246.3039,4.9088,293.821948429676,11.825112182174024,12382.307180966023
2459173.57861514,2020.8859099661606,15486.947658175663,0.5691883,64.1019,246.3039,4.9088,293.821948429676,11.825112182174024,12382.307180966023
2459173.57861514,2020.8859099661606,15486.947658175663,0.5691883,64.1019,246.3039,4.9088,293.821948429676,11.825112182174024,12382.307180966023
2459183.31611842,2020.9125697971804,15416.061949015404,0.5674241,64.1087,242.144,4.7346,290.48057205109217,357.89347301509497,12346.510002335854
